postal_codes,lat,long
T2G 0G3,51.0272,-114.0349
T3M 0A8,50.8796,-113.9555
T2T 3E9,51.0242,-114.1004
T2J 7H1,50.8476,-114.1958
T3L 1Y4,51.1467,-114.3133
T3H 1W8,51.0419,-114.2
T3H 4N7,51.0419,-114.2
T2T 2X6,51.0242,-114.1004
T2Z 4M9,50.9278,-113.9682
T2X 1B1,50.8837,-114.0326
T2T 3J7,51.0242,-114.1004
T2Z 2K1,50.9278,-113.9682
T2L 2G3,51.1047,-114.1148
T3H 0L6,51.0419,-114.2
T3K 5L9,51.1563,-114.0572
T2X 1B3,50.8837,-114.0326
T3H 4K7,51.0419,-114.2
T2B 0S6,51.0209,-113.981
T3C 2P6,51.0497,-114.1394
T3H 3L7,51.0419,-114.2
T2V 2P7,50.9819,-114.1004
T3H 1M3,51.0419,-114.2
T2Z 1B9,50.9278,-113.9682
T3B 2K7,51.0915,-114.2073
T2Y 5E6,50.9093,-114.1028
T3B 5X3,51.0915,-114.2073
T2M 0T9,51.133,-113.856
T2R 0V6,51.0412,-114.0762
T3B 4N9,51.0915,-114.2073
T2V 0C6,50.9819,-114.1004
T2W 0K6,50.9514,-114.3591
T3B 0L6,51.0915,-114.2073
T2W 0R6,50.9514,-114.3591
T2Z 4Z2,50.9278,-113.9682
T2A 2R1,51.0494,-113.9564
T2C 2C6,50.987,-113.9634
T1Y 3Z4,51.0823,-113.9578
T2M 0S7,51.133,-113.856
T2W 2K3,50.9514,-114.3591
T3H 4V2,51.0419,-114.2
T2Z 2R8,50.9278,-113.9682
T1Y 6W5,51.0823,-113.9578
T3H 0V8,51.0419,-114.2
T3N 0R6,51.1626,-113.9537
T3A 5Z8,51.1264,-114.1419
T3B 4X5,51.0915,-114.2073
T2Z 2C9,50.9278,-113.9682
T3R 1L1,51.2021,-114.2453
T3R 1R4,51.2021,-114.2453
T3P 1L3,51.2074,-114.1348
T2M 1E6,51.133,-113.856
T2W 4E5,50.9514,-114.3591
T3C 1G4,51.0497,-114.1394
T2P 0C3,51.0708,-113.6931
T2E 0J9,51.0876,-114.0214
T2S 2R2,51.0233,-114.071
T3E 1Z6,50.9899,-114.1574
T3B 5P8,51.0915,-114.2073
T3K 1L7,51.1563,-114.0572
T2Z 4B3,50.9278,-113.9682
T3M 0N4,50.8796,-113.9555
T3L 2M2,51.1467,-114.3133
T2M 1W1,51.133,-113.856
T2C 5G5,50.987,-113.9634
T3K 1R8,51.1563,-114.0572
T3K 4P4,51.1563,-114.0572
T2X 1N2,50.8837,-114.0326
T3B 0R1,51.0915,-114.2073
T2Z 0R3,50.9278,-113.9682
T3B 4P4,51.0915,-114.2073
T2G 5R4,51.0272,-114.0349
T3B 5T9,51.0915,-114.2073
T2J 1X3,50.8476,-114.1958
T3H 3T1,51.0419,-114.2
T3E 3G3,50.9899,-114.1574
T2M 0X5,51.133,-113.856
T2J 3H3,50.8476,-114.1958
T2Z 3V2,50.9278,-113.9682
T3R 0W5,51.2021,-114.2453
T2Z 3R1,50.9278,-113.9682
T2K 0J7,51.1111,-114.0477
T2E 0M3,51.0876,-114.0214
T2S 1H3,51.0233,-114.071
T2E 1Y2,51.0876,-114.0214
T2M 2V9,51.133,-113.856
T2A 1J1,51.0494,-113.9564
T2X 1K1,50.8837,-114.0326
T2S 0Y6,51.0233,-114.071
T3H 1J8,51.0419,-114.2
T3A 5V9,51.1264,-114.1419
T2K 4L9,51.1111,-114.0477
T2W 4H4,50.9514,-114.3591
T3C 2L3,51.0497,-114.1394
T2A 4H6,51.0494,-113.9564
T2E 1B2,51.0876,-114.0214
T3A 0W8,51.1264,-114.1419
T2X 3V7,50.8837,-114.0326
T2R 1S4,51.0412,-114.0762
T1Y 3R8,51.0823,-113.9578
T2T 6H4,51.0242,-114.1004
T2T 1V5,51.0242,-114.1004
T2W 4V2,50.9514,-114.3591
T3M 0M5,50.8796,-113.9555
T3N 0C4,51.1626,-113.9537
T2E 1L9,51.0876,-114.0214
T3J 3H9,51.1188,-113.9471
T3C 3H1,51.0497,-114.1394
T2W 3L3,50.9514,-114.3591
T3H 0Y7,51.0419,-114.2
T2S 2G5,51.0233,-114.071
T3L 1T1,51.1467,-114.3133
T3B 3W5,51.0915,-114.2073
T2J 2C7,50.8476,-114.1958
T3H 0P3,51.0419,-114.2
T3H 2W3,51.0419,-114.2
T2K 0E1,51.1111,-114.0477
T3A 2M7,51.1264,-114.1419
T2A 5Z8,51.0494,-113.9564
T2C 3W9,50.987,-113.9634
T3P 0L4,51.2074,-114.1348
T2T 3T2,51.0242,-114.1004
T2S 0W7,51.0233,-114.071
T3H 0L8,51.0419,-114.2
T3B 1C4,51.0915,-114.2073
T2E 0K6,51.0876,-114.0214
T3K 1R4,51.1563,-114.0572
T2T 6P2,51.0242,-114.1004
T3C 2Z1,51.0497,-114.1394
T3N 0N7,51.1626,-113.9537
T3A 5H4,51.1264,-114.1419
T3P 0Z1,51.2074,-114.1348
T2N 0T1,51.0621,-114.1159
T1Y 3H5,51.0823,-113.9578
T3E 6H5,50.9899,-114.1574
T3K 2N3,51.1563,-114.0572
T3M 3E9,50.8796,-113.9555
T2Z 1V9,50.9278,-113.9682
T2R 0X4,51.0412,-114.0762
T2Y 4W6,50.9093,-114.1028
T2W 0E1,50.9514,-114.3591
T2T 4P1,51.0242,-114.1004
T2G 1H8,51.0272,-114.0349
T2S 0J9,51.0233,-114.071
T3L 2A4,51.1467,-114.3133
T2Z 4R2,50.9278,-113.9682
T3P 0H4,51.2074,-114.1348
T3H 5X5,51.0419,-114.2
T3H 0V2,51.0419,-114.2
T2W 4Z8,50.9514,-114.3591
T2Z 5E3,50.9278,-113.9682
T1Y 4N4,51.0823,-113.9578
T3H 0G2,51.0419,-114.2
T2Y 2N9,50.9093,-114.1028
T3A 6E8,51.1264,-114.1419
T3C 1P7,51.0497,-114.1394
T3K 4C4,51.1563,-114.0572
T3P 0B7,51.2074,-114.1348
T2A 2B3,51.0494,-113.9564
T3E 2C6,50.9899,-114.1574
T3H 5V2,51.0419,-114.2
T3K 4M4,51.1563,-114.0572
T2N 2K6,51.0621,-114.1159
T2X 0V5,50.8837,-114.0326
T3J 0G8,51.1188,-113.9471
T3B 6E8,51.0915,-114.2073
T1Y 6B1,51.0823,-113.9578
T3K 5X5,51.1563,-114.0572
T3G 5L9,51.1387,-114.2015
T2Z 2K8,50.9278,-113.9682
T3J 4S6,51.1188,-113.9471
T3G 5W7,51.1387,-114.2015
T2Y 3S1,50.9093,-114.1028
T2Y 0C2,50.9093,-114.1028
T3E 0Z1,50.9899,-114.1574
T2N 4K1,51.0621,-114.1159
T3E 6N5,50.9899,-114.1574
T3M 2X7,50.8796,-113.9555
T3M 2L5,50.8796,-113.9555
T3M 1L7,50.8796,-113.9555
T2Z 4P4,50.9278,-113.9682
T2S 0H6,51.0233,-114.071
T3K 3J4,51.1563,-114.0572
T2X 0W4,50.8837,-114.0326
T3K 4B1,51.1563,-114.0572
T3B 0M1,51.0915,-114.2073
T2V 3C8,50.9819,-114.1004
T3H 2A3,51.0419,-114.2
T2Z 0C8,50.9278,-113.9682
T3C 0W3,51.0497,-114.1394
T3E 2C4,50.9899,-114.1574
T3A 6K1,51.1264,-114.1419
T3M 0S7,50.8796,-113.9555
T3H 3T8,51.0419,-114.2
T3B 0P1,51.0915,-114.2073
T2C 0S9,50.987,-113.9634
T3K 5R2,51.1563,-114.0572
T2Y 4Z4,50.9093,-114.1028
T3L 2M1,51.1467,-114.3133
T2N 1Z8,51.0621,-114.1159
T2S 2P4,51.0233,-114.071
T2S 3B6,51.0233,-114.071
T2T 4E1,51.0242,-114.1004
T2M 1R6,51.133,-113.856
T3E 1W8,50.9899,-114.1574
T2P 5G8,51.0708,-113.6931
T2M 2A9,51.133,-113.856
T3H 4M8,51.0419,-114.2
T3L 2J9,51.1467,-114.3133
T2R 0R5,51.0412,-114.0762
T3K 4S2,51.1563,-114.0572
T3J 0G1,51.1188,-113.9471
T2E 5P9,51.0876,-114.0214
T2S 0M4,51.0233,-114.071
T2M 1E2,51.133,-113.856
T3M 0R9,50.8796,-113.9555
T2G 1L7,51.0272,-114.0349
T2M 1C2,51.133,-113.856
T2X 2A6,50.8837,-114.0326
T2Y 4N5,50.9093,-114.1028
T2Z 5C9,50.9278,-113.9682
T3G 0G8,51.1387,-114.2015
T2B 3V2,51.0209,-113.981
T2P 1P1,51.0708,-113.6931
T3K 1N2,51.1563,-114.0572
T3H 2W9,51.0419,-114.2
T3A 5S8,51.1264,-114.1419
T2M 4V2,51.133,-113.856
T2Y 4M4,50.9093,-114.1028
T2W 1K1,50.9514,-114.3591
T2T 4V9,51.0242,-114.1004
T1Y 2Z8,51.0823,-113.9578
T1Y 5N7,51.0823,-113.9578
T2K 2C3,51.1111,-114.0477
T3L 2B1,51.1467,-114.3133
T3R 1L6,51.2021,-114.2453
T3H 5M9,51.0419,-114.2
T2G 0S3,51.0272,-114.0349
T2V 4R8,50.9819,-114.1004
T2T 6C2,51.0242,-114.1004
T3K 0K8,51.1563,-114.0572
T2R 0R8,51.0412,-114.0762
T2A 6M2,51.0494,-113.9564
T2S 0X1,51.0233,-114.071
T3A 5W3,51.1264,-114.1419
T3L 0C6,51.1467,-114.3133
T3G 5A3,51.1387,-114.2015
T3C 3X6,51.0497,-114.1394
T3M 0R3,50.8796,-113.9555
T3H 1L2,51.0419,-114.2
T2N 0R5,51.0621,-114.1159
T3P 0G7,51.2074,-114.1348
T3H 2B5,51.0419,-114.2
T2E 3W3,51.0876,-114.0214
T2E 3W8,51.0876,-114.0214
T2G 0T9,51.0272,-114.0349
T2X 0N1,50.8837,-114.0326
T2A 6R8,51.0494,-113.9564
T2L 1C9,51.1047,-114.1148
T2Z 0B9,50.9278,-113.9682
T2W 1C5,50.9514,-114.3591
T2V 4N4,50.9819,-114.1004
T3H 3N6,51.0419,-114.2
T2X 4C8,50.8837,-114.0326
T2L 1T7,51.1047,-114.1148
T2B 0K6,51.0209,-113.981
T2V 1G8,50.9819,-114.1004
T2B 2B8,51.0209,-113.981
T2B 2L4,51.0209,-113.981
T3J 4S8,51.1188,-113.9471
T3H 0A8,51.0419,-114.2
T2M 2K4,51.133,-113.856
T3H 0W3,51.0419,-114.2
T2N 2E1,51.0621,-114.1159
T3P 0C2,51.2074,-114.1348
T2M 1A9,51.133,-113.856
T3J 4S5,51.1188,-113.9471
T2Z 2C5,50.9278,-113.9682
T1Y 2R7,51.0823,-113.9578
T3K 0M2,51.1563,-114.0572
T3E 4Z5,50.9899,-114.1574
T3H 5J1,51.0419,-114.2
T2L 1S3,51.1047,-114.1148
T2J 6B9,50.8476,-114.1958
T2H 1N9,50.9894,-114.052
T3C 2M2,51.0497,-114.1394
T2M 4H9,51.133,-113.856
T2X 4G3,50.8837,-114.0326
T2B 1W6,51.0209,-113.981
T3A 6J8,51.1264,-114.1419
O0O 0O0,,
T3H 1Z3,51.0419,-114.2
T2G 1B7,51.0272,-114.0349
T2T 0H1,51.0242,-114.1004
T3M 0T5,50.8796,-113.9555
T2J 6N3,50.8476,-114.1958
T3A 2V9,51.1264,-114.1419
T3M 1X4,50.8796,-113.9555
T2T 1C4,51.0242,-114.1004
T3M 1V2,50.8796,-113.9555
T2B 3C2,51.0209,-113.981
T2S 3E7,51.0233,-114.071
T2C 5M7,50.987,-113.9634
T2R 0K3,51.0412,-114.0762
T2Z 4W1,50.9278,-113.9682
T2R 1S6,51.0412,-114.0762
T2P 5M5,51.0708,-113.6931
T3C 1W8,51.0497,-114.1394
T2E 4H1,51.0876,-114.0214
T2R 0W8,51.0412,-114.0762
T3E 5Y7,50.9899,-114.1574
T2R 1A6,51.0412,-114.0762
T3K 4R9,51.1563,-114.0572
T2Z 0B8,50.9278,-113.9682
T2Y 3A2,50.9093,-114.1028
T3H 3V2,51.0419,-114.2
T2Z 1J2,50.9278,-113.9682
T3H 5N5,51.0419,-114.2
T2R 1K6,51.0412,-114.0762
T2H 0V8,50.9894,-114.052
T2P 4Z9,51.0708,-113.6931
T2T 0W1,51.0242,-114.1004
T3C 2L1,51.0497,-114.1394
T2J 1A8,50.8476,-114.1958
T2J 3H1,50.8476,-114.1958
T3M 0V5,50.8796,-113.9555
T2X 3R3,50.8837,-114.0326
T3M 1E4,50.8796,-113.9555
T2N 0K4,51.0621,-114.1159
T3K 4W3,51.1563,-114.0572
T2J 0T3,50.8476,-114.1958
T2N 1E4,51.0621,-114.1159
T2W 3K3,50.9514,-114.3591
T2L 2L5,51.1047,-114.1148
T2J 0B8,50.8476,-114.1958
T2Z 2T2,50.9278,-113.9682
T3C 0X9,51.0497,-114.1394
T3N 0T9,51.1626,-113.9537
T2V 0A6,50.9819,-114.1004
T2G 0C7,51.0272,-114.0349
T3L 0A3,51.1467,-114.3133
T2Y 3L5,50.9093,-114.1028
T3E 1V9,50.9899,-114.1574
T3H 1R3,51.0419,-114.2
T3E 2Z5,50.9899,-114.1574
T3K 5V3,51.1563,-114.0572
T3G 4C9,51.1387,-114.2015
T2N 3R7,51.0621,-114.1159
T3G 1Z3,51.1387,-114.2015
T2B 1C3,51.0209,-113.981
T2Y 4X1,50.9093,-114.1028
T2X 2C8,50.8837,-114.0326
T2P 4X2,51.0708,-113.6931
T3N 1M6,51.1626,-113.9537
T2R 1R3,51.0412,-114.0762
T3H 3G7,51.0419,-114.2
T3G 3X3,51.1387,-114.2015
T3P 0Z8,51.2074,-114.1348
T2X 3G2,50.8837,-114.0326
T3H 1E4,51.0419,-114.2
T2E 4W3,51.0876,-114.0214
T3E 6Z4,50.9899,-114.1574
T3M 3B1,50.8796,-113.9555
T3K 5H4,51.1563,-114.0572
T2X 3X2,50.8837,-114.0326
T2J 1M5,50.8476,-114.1958
T3G 5T2,51.1387,-114.2015
T3E 8A9,50.9899,-114.1574
T2H 1C2,50.9894,-114.052
T3M 0L1,50.8796,-113.9555
T3C 2R3,51.0497,-114.1394
T3P 1J4,51.2074,-114.1348
T3H 4S1,51.0419,-114.2
T3J 5N3,51.1188,-113.9471
T2V 2L4,50.9819,-114.1004
T3E 6N7,50.9899,-114.1574
T2C 0Z3,50.987,-113.9634
T2B 0E4,51.0209,-113.981
T2W 5P6,50.9514,-114.3591
T3H 0L1,51.0419,-114.2
T3H 3S3,51.0419,-114.2
T2M 2C7,51.133,-113.856
T2W 0A4,50.9514,-114.3591
T2R 1S2,51.0412,-114.0762
T3G 1V6,51.1387,-114.2015
T3N 1T2,51.1626,-113.9537
T3G 5Y4,51.1387,-114.2015
T3B 0H8,51.0915,-114.2073
T2Z 3Z2,50.9278,-113.9682
T2J 1R7,50.8476,-114.1958
T3A 2C9,51.1264,-114.1419
T2R 0S5,51.0412,-114.0762
T2N 0R9,51.0621,-114.1159
T2L 1H5,51.1047,-114.1148
T2X 3K4,50.8837,-114.0326
T2C 4C4,50.987,-113.9634
T2S 1Z5,51.0233,-114.071
T3A 2H9,51.1264,-114.1419
T2P 0V2,51.0708,-113.6931
T3E 7R6,50.9899,-114.1574
T3H 5Y1,51.0419,-114.2
T2T 6E9,51.0242,-114.1004
T2M 1B3,51.133,-113.856
T3R 0W7,51.2021,-114.2453
T3G 5H1,51.1387,-114.2015
T2Z 0S4,50.9278,-113.9682
T2X 4J8,50.8837,-114.0326
T3J 4A5,51.1188,-113.9471
T3N 1H1,51.1626,-113.9537
T3B 5B7,51.0915,-114.2073
T2P 3P3,51.0708,-113.6931
T2A 6H3,51.0494,-113.9564
T3M 1V1,50.8796,-113.9555
T3G 2A4,51.1387,-114.2015
T2P 5N6,51.0708,-113.6931
T3H 3J6,51.0419,-114.2
T2T 4V8,51.0242,-114.1004
T2E 5J2,51.0876,-114.0214
T3M 1Z3,50.8796,-113.9555
T2V 0P7,50.9819,-114.1004
T2J 7J1,50.8476,-114.1958
T2X 3K8,50.8837,-114.0326
T2A 1H1,51.0494,-113.9564
T1Y 1X2,51.0823,-113.9578
T2Y 5B1,50.9093,-114.1028
T2R 0L5,51.0412,-114.0762
T3H 2W7,51.0419,-114.2
T2E 7X3,51.0876,-114.0214
T3M 2S6,50.8796,-113.9555
T3K 6C4,51.1563,-114.0572
T3E 7T1,50.9899,-114.1574
T3P 0Y1,51.2074,-114.1348
T3G 0C2,51.1387,-114.2015
T3L 2T6,51.1467,-114.3133
T3K 6K1,51.1563,-114.0572
T3K 0B1,51.1563,-114.0572
T3H 1K3,51.0419,-114.2
T3H 1L6,51.0419,-114.2
T3H 3C4,51.0419,-114.2
T2E 3S7,51.0876,-114.0214
T2A 0W6,51.0494,-113.9564
T3B 5Y1,51.0915,-114.2073
T1Y 1Z4,51.0823,-113.9578
T3B 6H5,51.0915,-114.2073
T2T 1J3,51.0242,-114.1004
T3M 2B6,50.8796,-113.9555
T2A 6E1,51.0494,-113.9564
T3A 1P1,51.1264,-114.1419
T3E 4Z6,50.9899,-114.1574
T3M 2L7,50.8796,-113.9555
T2J 0A3,50.8476,-114.1958
T2Y 4N1,50.9093,-114.1028
T2W 1R2,50.9514,-114.3591
T2W 4Z5,50.9514,-114.3591
T3M 1H1,50.8796,-113.9555
T2E 0V6,51.0876,-114.0214
T2L 1P2,51.1047,-114.1148
T3K 4V6,51.1563,-114.0572
T3M 1T3,50.8796,-113.9555
T2X 0V2,50.8837,-114.0326
T3R 0J9,51.2021,-114.2453
T3M 0Z8,50.8796,-113.9555
T3A 6B4,51.1264,-114.1419
T3P 0N7,51.2074,-114.1348
T3H 3G6,51.0419,-114.2
T3J 3Z2,51.1188,-113.9471
T3K 6L7,51.1563,-114.0572
T3G 5G6,51.1387,-114.2015
T2L 2L6,51.1047,-114.1148
T3K 5Y2,51.1563,-114.0572
T3E 2L8,50.9899,-114.1574
T3L 1X5,51.1467,-114.3133
T1Y 3Y7,51.0823,-113.9578
T2M 2C2,51.133,-113.856
T2X 4A8,50.8837,-114.0326
T2J 6M1,50.8476,-114.1958
T2V 1V3,50.9819,-114.1004
T3H 4K1,51.0419,-114.2
T2E 4M2,51.0876,-114.0214
T3E 1A2,50.9899,-114.1574
T2M 2X4,51.133,-113.856
T2J 1H2,50.8476,-114.1958
T2Z 3S6,50.9278,-113.9682
T2N 4S8,51.0621,-114.1159
T2J 2X4,50.8476,-114.1958
T2P 0G9,51.0708,-113.6931
T3M 0L4,50.8796,-113.9555
T2X 0J6,50.8837,-114.0326
T2Y 0H7,50.9093,-114.1028
T2J 4T3,50.8476,-114.1958
T3E 3H4,50.9899,-114.1574
T2X 4H9,50.8837,-114.0326
T3P 1H9,51.2074,-114.1348
T2G 0B5,51.0272,-114.0349
T2H 3A1,50.9894,-114.052
T3H 2L4,51.0419,-114.2
T3J 3Y2,51.1188,-113.9471
T2T 2G3,51.0242,-114.1004
T3P 0P3,51.2074,-114.1348
T3N 0N4,51.1626,-113.9537
T2Z 0G3,50.9278,-113.9682
T2Y 0L1,50.9093,-114.1028
T2T 6X9,51.0242,-114.1004
T3H 4B4,51.0419,-114.2
T3E 1J7,50.9899,-114.1574
T2P 0G8,51.0708,-113.6931
T2R 0H1,51.0412,-114.0762
T3G 4Z5,51.1387,-114.2015
T3M 0L9,50.8796,-113.9555
T3J 0W2,51.1188,-113.9471
T2J 4Y5,50.8476,-114.1958
T2B 2E4,51.0209,-113.981
T2X 1J1,50.8837,-114.0326
T2W 5T9,50.9514,-114.3591
T3M 0Y2,50.8796,-113.9555
T2M 1N5,51.133,-113.856
T3N 0N1,51.1626,-113.9537
T3H 2W6,51.0419,-114.2
T3H 1G9,51.0419,-114.2
T3R 1M6,51.2021,-114.2453
T2T 2M1,51.0242,-114.1004
T2X 0T5,50.8837,-114.0326
T2X 0P4,50.8837,-114.0326
T2B 1V7,51.0209,-113.981
T3P 1B4,51.2074,-114.1348
T1Y 6W2,51.0823,-113.9578
T2T 0M3,51.0242,-114.1004
T3A 0H3,51.1264,-114.1419
T2X 2E9,50.8837,-114.0326
T3R 0R6,51.2021,-114.2453
T3E 2P9,50.9899,-114.1574
T3K 4S6,51.1563,-114.0572
T3N 0C9,51.1626,-113.9537
T2X 1Y7,50.8837,-114.0326
T3G 1Z6,51.1387,-114.2015
T2X 4C4,50.8837,-114.0326
T2G 1B5,51.0272,-114.0349
T3R 0S3,51.2021,-114.2453
T2P 1J3,51.0708,-113.6931
T3M 2C3,50.8796,-113.9555
T2N 1Z3,51.0621,-114.1159
T2Z 3Z6,50.9278,-113.9682
T3A 5Z9,51.1264,-114.1419
T2X 0A6,50.8837,-114.0326
T3M 3A6,50.8796,-113.9555
T2R 0N3,51.0412,-114.0762
T3H 5H3,51.0419,-114.2
T3G 4M5,51.1387,-114.2015
T2Y 4V6,50.9093,-114.1028
T3M 1T2,50.8796,-113.9555
T2X 3A7,50.8837,-114.0326
T2V 5E4,50.9819,-114.1004
T3A 2M9,51.1264,-114.1419
T2T 2P3,51.0242,-114.1004
T3E 5G8,50.9899,-114.1574
T3R 0P6,51.2021,-114.2453
T3H 2Y5,51.0419,-114.2
T2L 2C7,51.1047,-114.1148
T2P 3R8,51.0708,-113.6931
T2K 4E4,51.1111,-114.0477
T2A 3X9,51.0494,-113.9564
T3B 4R8,51.0915,-114.2073
T3R 0P5,51.2021,-114.2453
T2B 1V1,51.0209,-113.981
T2G 4K5,51.0272,-114.0349
T2K 2X9,51.1111,-114.0477
T2Z 3V3,50.9278,-113.9682
T2R 0J6,51.0412,-114.0762
T3E 7W8,50.9899,-114.1574
T2H 0Z7,50.9894,-114.052
T3M 1R3,50.8796,-113.9555
T2Z 0E3,50.9278,-113.9682
T3M 1H6,50.8796,-113.9555
T2A 5E4,51.0494,-113.9564
T2Z 2T3,50.9278,-113.9682
T2H 3B3,50.9894,-114.052
T3M 2L9,50.8796,-113.9555
T2J 4P8,50.8476,-114.1958
T2S 0R6,51.0233,-114.071
T1Y 2E1,51.0823,-113.9578
T2N 1R4,51.0621,-114.1159
T1Y 4X6,51.0823,-113.9578
T2B 3J8,51.0209,-113.981
T2V 1N3,50.9819,-114.1004
T3H 4K2,51.0419,-114.2
T3E 5R3,50.9899,-114.1574
T2J 1H5,50.8476,-114.1958
T2R 1B5,51.0412,-114.0762
T2E 4N5,51.0876,-114.0214
T3J 3Y6,51.1188,-113.9471
T1Y 7A3,51.0823,-113.9578
T3J 3E1,51.1188,-113.9471
T2V 0W2,50.9819,-114.1004
T3B 6G3,51.0915,-114.2073
T2Z 4B7,50.9278,-113.9682
T3M 1Y3,50.8796,-113.9555
T2N 0E1,51.0621,-114.1159
T3B 0Y9,51.0915,-114.2073
T2T 4M9,51.0242,-114.1004
T2M 1S4,51.133,-113.856
T2T 1A5,51.0242,-114.1004
T2C 4G7,50.987,-113.9634
T3J 1A9,51.1188,-113.9471
T1Y 5R1,51.0823,-113.9578
T2H 1N1,50.9894,-114.052
T3M 0E1,50.8796,-113.9555
T2J 0K1,50.8476,-114.1958
T2R 0P2,51.0412,-114.0762
T3H 0E4,51.0419,-114.2
T3L 2S4,51.1467,-114.3133
T2X 0Y4,50.8837,-114.0326
T3A 6M1,51.1264,-114.1419
T3K 4Z1,51.1563,-114.0572
T2R 1A7,51.0412,-114.0762
T3R 0K2,51.2021,-114.2453
T3R 0C8,51.2021,-114.2453
T2K 0W8,51.1111,-114.0477
T2X 3J2,50.8837,-114.0326
T2E 0P9,51.0876,-114.0214
T2T 4K1,51.0242,-114.1004
T3K 5Y9,51.1563,-114.0572
T3K 5A3,51.1563,-114.0572
T3G 0E9,51.1387,-114.2015
T3G 0G1,51.1387,-114.2015
T2E 5B9,51.0876,-114.0214
T2K 0G5,51.1111,-114.0477
T2E 0P3,51.0876,-114.0214
T3M 0R6,50.8796,-113.9555
T3G 0A7,51.1387,-114.2015
T1Y 4W8,51.0823,-113.9578
T3H 5N4,51.0419,-114.2
T3A 6G8,51.1264,-114.1419
T3R 1N3,51.2021,-114.2453
T3L 1Y6,51.1467,-114.3133
T3A 5L5,51.1264,-114.1419
T2T 0M1,51.0242,-114.1004
T3H 2R3,51.0419,-114.2
T3R 0M8,51.2021,-114.2453
T2M 4L4,51.133,-113.856
T3H 6C2,51.0419,-114.2
T3A 1A3,51.1264,-114.1419
T2Z 2G5,50.9278,-113.9682
T2Z 5B9,50.9278,-113.9682
T3M 2Z3,50.8796,-113.9555
T2Y 4J3,50.9093,-114.1028
T3K 0H4,51.1563,-114.0572
T2L 0X9,51.1047,-114.1148
T3J 0R7,51.1188,-113.9471
T2J 6H6,50.8476,-114.1958
T3C 0T9,51.0497,-114.1394
T2E 1A8,51.0876,-114.0214
T2X 4E7,50.8837,-114.0326
T2X 2C3,50.8837,-114.0326
T3M 0H3,50.8796,-113.9555
T3K 0V4,51.1563,-114.0572
T3B 0H1,51.0915,-114.2073
T3G 5K6,51.1387,-114.2015
T3K 0E8,51.1563,-114.0572
T2X 2M3,50.8837,-114.0326
T2S 0H1,51.0233,-114.071
T3M 0S5,50.8796,-113.9555
T3K 6B7,51.1563,-114.0572
T2E 1W7,51.0876,-114.0214
T2R 0P4,51.0412,-114.0762
T2R 0P6,51.0412,-114.0762
T2E 5A9,51.0876,-114.0214
T3H 4Y3,51.0419,-114.2
T3H 3H7,51.0419,-114.2
T2T 3Y8,51.0242,-114.1004
T3C 3K4,51.0497,-114.1394
T2L 1L3,51.1047,-114.1148
T2S 2V2,51.0233,-114.071
T3H 5V5,51.0419,-114.2
T2A 2N4,51.0494,-113.9564
T2X 0M4,50.8837,-114.0326
T3B 3X1,51.0915,-114.2073
T3E 5S8,50.9899,-114.1574
T2Z 2B6,50.9278,-113.9682
T2K 3R1,51.1111,-114.0477
T3A 5M4,51.1264,-114.1419
T3H 0C8,51.0419,-114.2
T2N 2V1,51.0621,-114.1159
T2E 2K2,51.0876,-114.0214
T2W 1C3,50.9514,-114.3591
T3G 5V8,51.1387,-114.2015
T2T 1H5,51.0242,-114.1004
T2L 1C1,51.1047,-114.1148
T3C 0T1,51.0497,-114.1394
T3E 7H4,50.9899,-114.1574
T3H 0X1,51.0419,-114.2
T2Z 4W5,50.9278,-113.9682
T2J 6R2,50.8476,-114.1958
T3H 4Z1,51.0419,-114.2
T2P 0E6,51.0708,-113.6931
T2K 0W6,51.1111,-114.0477
T2T 1P6,51.0242,-114.1004
T2V 3G1,50.9819,-114.1004
T2M 4X8,51.133,-113.856
T3N 0S8,51.1626,-113.9537
T2Y 5H1,50.9093,-114.1028
T3M 1N9,50.8796,-113.9555
T3J 2R3,51.1188,-113.9471
T2Y 3R3,50.9093,-114.1028
T2P 5G4,51.0708,-113.6931
T2M 0A4,51.133,-113.856
T2S 2T3,51.0233,-114.071
T3P 1K6,51.2074,-114.1348
T3C 3K3,51.0497,-114.1394
T3N 1R3,51.1626,-113.9537
T3G 3N3,51.1387,-114.2015
T2E 1X5,51.0876,-114.0214
T3P 0E1,51.2074,-114.1348
T2Z 2H9,50.9278,-113.9682
T3B 5M1,51.0915,-114.2073
T3C 3H3,51.0497,-114.1394
T3J 1H8,51.1188,-113.9471
T3G 0E6,51.1387,-114.2015
T3G 1P2,51.1387,-114.2015
T2V 0H4,50.9819,-114.1004
T3H 3B5,51.0419,-114.2
T2E 1P8,51.0876,-114.0214
T3J 4W2,51.1188,-113.9471
T3G 3H4,51.1387,-114.2015
T3G 3C9,51.1387,-114.2015
T2E 0N4,51.0876,-114.0214
T3M 2V3,50.8796,-113.9555
T3C 0N9,51.0497,-114.1394
T3P 0V9,51.2074,-114.1348
T2Z 4G7,50.9278,-113.9682
T3B 0P4,51.0915,-114.2073
T2V 3N9,50.9819,-114.1004
T2E 4B7,51.0876,-114.0214
T3E 2X2,50.9899,-114.1574
T2J 6P4,50.8476,-114.1958
T2A 5P9,51.0494,-113.9564
T3H 2N5,51.0419,-114.2
T3G 5G4,51.1387,-114.2015
T2R 0N7,51.0412,-114.0762
T3L 2X3,51.1467,-114.3133
T1Y 5H9,51.0823,-113.9578
T2Z 5E5,50.9278,-113.9682
T2G 1S2,51.0272,-114.0349
T3A 2C5,51.1264,-114.1419
T3E 6T6,50.9899,-114.1574
T2A 5M8,51.0494,-113.9564
T2J 7J4,50.8476,-114.1958
T3E 2X4,50.9899,-114.1574
T1Y 1R8,51.0823,-113.9578
T3B 2T2,51.0915,-114.2073
T3R 1N8,51.2021,-114.2453
T2E 6B4,51.0876,-114.0214
T2T 0L4,51.0242,-114.1004
T3N 0M9,51.1626,-113.9537
T2L 2G8,51.1047,-114.1148
T2M 1K4,51.133,-113.856
T2Z 2G3,50.9278,-113.9682
T3J 3L8,51.1188,-113.9471
T1Y 6W7,51.0823,-113.9578
T2Z 3K6,50.9278,-113.9682
T2Y 1A6,50.9093,-114.1028
T2T 2P6,51.0242,-114.1004
T2T 2V1,51.0242,-114.1004
T3H 4B9,51.0419,-114.2
T2X 1S8,50.8837,-114.0326
T3L 2K2,51.1467,-114.3133
T2Z 2Z2,50.9278,-113.9682
T3J 5G3,51.1188,-113.9471
T3G 5N1,51.1387,-114.2015
T2K 2T1,51.1111,-114.0477
T2Z 1B2,50.9278,-113.9682
T2V 0E8,50.9819,-114.1004
T2W 5P8,50.9514,-114.3591
T1Y 3H7,51.0823,-113.9578
T2J 2C4,50.8476,-114.1958
T2T 3A2,51.0242,-114.1004
T2A 1A7,51.0494,-113.9564
T3G 5K7,51.1387,-114.2015
T3C 0W5,51.0497,-114.1394
T3L 2L5,51.1467,-114.3133
T3K 5Z3,51.1563,-114.0572
T2R 0B5,51.0412,-114.0762
T2L 0Y2,51.1047,-114.1148
T2W 0J7,50.9514,-114.3591
T2T 6H2,51.0242,-114.1004
T2V 4J9,50.9819,-114.1004
T2T 2S6,51.0242,-114.1004
T2W 3E5,50.9514,-114.3591
T2R 0S2,51.0412,-114.0762
T3N 1T3,51.1626,-113.9537
T2V 3L5,50.9819,-114.1004
T3J 3V7,51.1188,-113.9471
T3B 4T7,51.0915,-114.2073
T2T 1K5,51.0242,-114.1004
T3E 3T8,50.9899,-114.1574
T3B 1Y4,51.0915,-114.2073
T2T 0L1,51.0242,-114.1004
T2E 9C8,51.0876,-114.0214
T3N 0P1,51.1626,-113.9537
T2E 5W2,51.0876,-114.0214
T3H 4Y6,51.0419,-114.2
T2N 1A5,51.0621,-114.1159
T3A 2B4,51.1264,-114.1419
T2Z 5A9,50.9278,-113.9682
T3K 5W6,51.1563,-114.0572
T3N 1P7,51.1626,-113.9537
T3M 2A2,50.8796,-113.9555
T2A 6X5,51.0494,-113.9564
T2Y 3X8,50.9093,-114.1028
T2E 5E7,51.0876,-114.0214
T2Z 1G1,50.9278,-113.9682
T3G 1K4,51.1387,-114.2015
T3J 3P1,51.1188,-113.9471
T2X 0P9,50.8837,-114.0326
T3N 1E6,51.1626,-113.9537
T2N 2G6,51.0621,-114.1159
T2J 0T1,50.8476,-114.1958
T2M 4E4,51.133,-113.856
T1Y 3W3,51.0823,-113.9578
T2M 1M2,51.133,-113.856
T2J 6V9,50.8476,-114.1958
T2E 0M9,51.0876,-114.0214
T2N 1C9,51.0621,-114.1159
T3H 0N1,51.0419,-114.2
T2T 4M8,51.0242,-114.1004
T2S 2W7,51.0233,-114.071
T3J 1E1,51.1188,-113.9471
T2T 2B7,51.0242,-114.1004
T2A 2J5,51.0494,-113.9564
T3E 1W1,50.9899,-114.1574
T2E 2B3,51.0876,-114.0214
T2Y 2Y6,50.9093,-114.1028
T3B 5L5,51.0915,-114.2073
T3M 3C8,50.8796,-113.9555
T2Z 0N9,50.9278,-113.9682
T3B 4V7,51.0915,-114.2073
T3A 5L9,51.1264,-114.1419
T3C 1J2,51.0497,-114.1394
T3M 0T8,50.8796,-113.9555
T2Z 1C5,50.9278,-113.9682
T2X 3S7,50.8837,-114.0326
T2E 4E1,51.0876,-114.0214
T2Z 1J7,50.9278,-113.9682
T2V 4S9,50.9819,-114.1004
T3K 1B8,51.1563,-114.0572
T2Z 2T6,50.9278,-113.9682
T3K 2E8,51.1563,-114.0572
T3M 2H6,50.8796,-113.9555
T2K 0B4,51.1111,-114.0477
T3H 5Y4,51.0419,-114.2
T2Z 5B4,50.9278,-113.9682
T3H 4G2,51.0419,-114.2
T3E 1W3,50.9899,-114.1574
T3M 0M9,50.8796,-113.9555
T3B 1W7,51.0915,-114.2073
T2R 0Z7,51.0412,-114.0762
T2X 3L9,50.8837,-114.0326
T3N 0L5,51.1626,-113.9537
T3H 6A7,51.0419,-114.2
T3H 2Y7,51.0419,-114.2
T3G 4W3,51.1387,-114.2015
T3N 0W7,51.1626,-113.9537
T2W 2M6,50.9514,-114.3591
T3C 1N2,51.0497,-114.1394
T2X 4G1,50.8837,-114.0326
T2E 0S6,51.0876,-114.0214
T2T 1Y9,51.0242,-114.1004
T3M 0R7,50.8796,-113.9555
T3H 0T7,51.0419,-114.2
T3G 4K3,51.1387,-114.2015
T2K 5W9,51.1111,-114.0477
T2T 5S3,51.0242,-114.1004
T2E 1R4,51.0876,-114.0214
T3E 5W8,50.9899,-114.1574
T3M 2L6,50.8796,-113.9555
T3B 5B6,51.0915,-114.2073
T2T 4A6,51.0242,-114.1004
T3E 5N6,50.9899,-114.1574
T3J 4R5,51.1188,-113.9471
T3J 4K9,51.1188,-113.9471
T3E 1K8,50.9899,-114.1574
T3L 2V9,51.1467,-114.3133
T2Y 0C6,50.9093,-114.1028
T3A 2E5,51.1264,-114.1419
T3B 2E5,51.0915,-114.2073
T2E 1T3,51.0876,-114.0214
T2K 2X4,51.1111,-114.0477
T3K 4W8,51.1563,-114.0572
T3K 4V3,51.1563,-114.0572
T2A 3B4,51.0494,-113.9564
T2E 4P6,51.0876,-114.0214
T2N 2K7,51.0621,-114.1159
T3H 3A7,51.0419,-114.2
T3H 0N3,51.0419,-114.2
T3B 1M2,51.0915,-114.2073
T3E 3J9,50.9899,-114.1574
T3K 1M8,51.1563,-114.0572
T2T 1H3,51.0242,-114.1004
T1Y 7E9,51.0823,-113.9578
T3C 0X7,51.0497,-114.1394
T2J 6H9,50.8476,-114.1958
T3P 0L8,51.2074,-114.1348
T2Z 0X5,50.9278,-113.9682
T3L 1C2,51.1467,-114.3133
T2T 5P8,51.0242,-114.1004
T3B 0A7,51.0915,-114.2073
T3L 2S7,51.1467,-114.3133
T3K 1S9,51.1563,-114.0572
T2J 0X3,50.8476,-114.1958
T2N 5B2,51.0621,-114.1159
T2V 1S2,50.9819,-114.1004
T2E 4C7,51.0876,-114.0214
T2T 5L3,51.0242,-114.1004
T2R 1E3,51.0412,-114.0762
T2R 1S5,51.0412,-114.0762
T2S 2V8,51.0233,-114.071
T3M 2J2,50.8796,-113.9555
T2H 1P6,50.9894,-114.052
T2Z 1Z4,50.9278,-113.9682
T3C 3K9,51.0497,-114.1394
T2T 2V3,51.0242,-114.1004
T3G 4B8,51.1387,-114.2015
T3E 5Y3,50.9899,-114.1574
T2E 1V2,51.0876,-114.0214
T2K 3T3,51.1111,-114.0477
T3H 5X8,51.0419,-114.2
T3G 5X1,51.1387,-114.2015
T3C 2Y8,51.0497,-114.1394
T3H 5C8,51.0419,-114.2
T2E 7A8,51.0876,-114.0214
T2Z 2H2,50.9278,-113.9682
T2E 7X9,51.0876,-114.0214
T2S 0M2,51.0233,-114.071
T2W 5J9,50.9514,-114.3591
T3R 0Z7,51.2021,-114.2453
T2L 0G9,51.1047,-114.1148
T3G 5B3,51.1387,-114.2015
T2X 4E6,50.8837,-114.0326
T2Z 2M4,50.9278,-113.9682
T1Y 5L8,51.0823,-113.9578
T2T 2C6,51.0242,-114.1004
T2G 1H7,51.0272,-114.0349
T3B 6C5,51.0915,-114.2073
T2T 4J2,51.0242,-114.1004
T3G 4E6,51.1387,-114.2015
T3P 0M3,51.2074,-114.1348
T2T 2B2,51.0242,-114.1004
T3M 2H1,50.8796,-113.9555
T2Y 0C9,50.9093,-114.1028
T3E 3S2,50.9899,-114.1574
T2T 4A4,51.0242,-114.1004
T2N 0E2,51.0621,-114.1159
T3N 0B1,51.1626,-113.9537
T2X 4A6,50.8837,-114.0326
T3H 4N3,51.0419,-114.2
T2V 5J8,50.9819,-114.1004
T2A 7Z2,51.0494,-113.9564
T3M 1S7,50.8796,-113.9555
T3A 6H5,51.1264,-114.1419
T3H 3B3,51.0419,-114.2
T3K 0V8,51.1563,-114.0572
T3G 2Y1,51.1387,-114.2015
T2T 4S3,51.0242,-114.1004
T2N 4N7,51.0621,-114.1159
T2M 4W2,51.133,-113.856
T3R 0W2,51.2021,-114.2453
T2N 4H6,51.0621,-114.1159
T2Y 5A1,50.9093,-114.1028
T2W 4J4,50.9514,-114.3591
T2Y 3A6,50.9093,-114.1028
T2W 3Y5,50.9514,-114.3591
T3H 0G1,51.0419,-114.2
T3J 0Y2,51.1188,-113.9471
T3H 3H8,51.0419,-114.2
T2R 0S8,51.0412,-114.0762
T3A 6B6,51.1264,-114.1419
T2X 3R6,50.8837,-114.0326
T2X 4L3,50.8837,-114.0326
T1Y 4K4,51.0823,-113.9578
T3N 0M4,51.1626,-113.9537
T3P 0J2,51.2074,-114.1348
T3G 5X3,51.1387,-114.2015
T2S 1G2,51.0233,-114.071
T3J 5M8,51.1188,-113.9471
T2N 0B5,51.0621,-114.1159
T3H 4A9,51.0419,-114.2
T3N 1H8,51.1626,-113.9537
T3H 2C6,51.0419,-114.2
T3E 4G7,50.9899,-114.1574
T3E 0R8,50.9899,-114.1574
T3G 5N2,51.1387,-114.2015
T3H 0T9,51.0419,-114.2
T2M 1R9,51.133,-113.856
T2T 1H4,51.0242,-114.1004
T2N 0T7,51.0621,-114.1159
T3C 1M2,51.0497,-114.1394
T2A 0E3,51.0494,-113.9564
T3E 2Y5,50.9899,-114.1574
T2T 2X5,51.0242,-114.1004
T3E 1W9,50.9899,-114.1574
T3M 1Z8,50.8796,-113.9555
T2V 0S2,50.9819,-114.1004
T2J 7H6,50.8476,-114.1958
T3J 1W3,51.1188,-113.9471
T2X 4A5,50.8837,-114.0326
T3J 5H1,51.1188,-113.9471
T2A 0G8,51.0494,-113.9564
T2Y 4J4,50.9093,-114.1028
T2V 5C1,50.9819,-114.1004
T2X 3P7,50.8837,-114.0326
T3E 4H3,50.9899,-114.1574
T2Z 4R1,50.9278,-113.9682
T2X 0W6,50.8837,-114.0326
T2R 0T9,51.0412,-114.0762
T3R 1K8,51.2021,-114.2453
T2T 3L8,51.0242,-114.1004
T3K 1C4,51.1563,-114.0572
T3P 0H6,51.2074,-114.1348
T2K 0L9,51.1111,-114.0477
T2X 0G4,50.8837,-114.0326
T3H 4X3,51.0419,-114.2
T3K 4A5,51.1563,-114.0572
T3M 3E7,50.8796,-113.9555
T2N 3H5,51.0621,-114.1159
T2R 1C2,51.0412,-114.0762
T3L 2R5,51.1467,-114.3133
T2E 8R3,51.0876,-114.0214
T2W 2T6,50.9514,-114.3591
T2Z 0V5,50.9278,-113.9682
T2Z 1J4,50.9278,-113.9682
T3M 2W9,50.8796,-113.9555
T2J 4K6,50.8476,-114.1958
T3E 7N2,50.9899,-114.1574
T2V 2Z8,50.9819,-114.1004
T3S 0A6,50.9153,-113.8932
T3G 4L8,51.1387,-114.2015
T3B 3C2,51.0915,-114.2073
T3E 2G5,50.9899,-114.1574
T2R 0P5,51.0412,-114.0762
T1Y 6L5,51.0823,-113.9578
T2M 2S7,51.133,-113.856
T3A 2Y1,51.1264,-114.1419
T2J 3R1,50.8476,-114.1958
T3N 0V2,51.1626,-113.9537
T2Z 4Y6,50.9278,-113.9682
T2E 9B3,51.0876,-114.0214
T3B 5B3,51.0915,-114.2073
T2T 0Y9,51.0242,-114.1004
T2C 1A9,50.987,-113.9634
T2A 6N1,51.0494,-113.9564
T2Y 4W8,50.9093,-114.1028
T2G 1E1,51.0272,-114.0349
T2S 0E1,51.0233,-114.071
T2P 0G7,51.0708,-113.6931
T3M 0Z5,50.8796,-113.9555
T3E 7E9,50.9899,-114.1574
T2W 2E7,50.9514,-114.3591
T3R 1T6,51.2021,-114.2453
T2V 0N6,50.9819,-114.1004
T3H 1V6,51.0419,-114.2
T2X 2L5,50.8837,-114.0326
T2Z 1C9,50.9278,-113.9682
T3A 5T3,51.1264,-114.1419
T2G 5R1,51.0272,-114.0349
T3H 3E5,51.0419,-114.2
T2E 4J1,51.0876,-114.0214
T3G 4S7,51.1387,-114.2015
T2Z 0Y1,50.9278,-113.9682
T3E 3M8,50.9899,-114.1574
T3M 1M6,50.8796,-113.9555
T3R 0W6,51.2021,-114.2453
T3E 3S9,50.9899,-114.1574
T3B 6A1,51.0915,-114.2073
T2Z 3S3,50.9278,-113.9682
T3A 0M6,51.1264,-114.1419
T3H 4M2,51.0419,-114.2
T3B 2H5,51.0915,-114.2073
T3P 0J9,51.2074,-114.1348
T2T 3M5,51.0242,-114.1004
T3R 0X5,51.2021,-114.2453
T3G 5G7,51.1387,-114.2015
T2S 1R3,51.0233,-114.071
T3K 2W9,51.1563,-114.0572
T3K 4T1,51.1563,-114.0572
T2K 1Z5,51.1111,-114.0477
T2J 6N2,50.8476,-114.1958
T3J 0V7,51.1188,-113.9471
T2G 5T7,51.0272,-114.0349
T3E 3W5,50.9899,-114.1574
T3K 0H4,51.1563,-114.0572
T3P 0B8,51.2074,-114.1348
T3R 1V5,51.2021,-114.2453
T1Y 3J3,51.0823,-113.9578
T3J 5B4,51.1188,-113.9471
T3E 1Y5,50.9899,-114.1574
T2X 0P2,50.8837,-114.0326
T2T 3Z2,51.0242,-114.1004
T3B 1J6,51.0915,-114.2073
T3R 0P7,51.2021,-114.2453
T2W 0C1,50.9514,-114.3591
T2A 0Z4,51.0494,-113.9564
T2S 1B6,51.0233,-114.071
T3K 5H7,51.1563,-114.0572
T3A 0T5,51.1264,-114.1419
T2X 3T6,50.8837,-114.0326
T2E 3W5,51.0876,-114.0214
T3M 1N2,50.8796,-113.9555
T2R 1R5,51.0412,-114.0762
T2Y 4X7,50.9093,-114.1028
T3P 0V8,51.2074,-114.1348
T2Z 3X6,50.9278,-113.9682
T3M 2T2,50.8796,-113.9555
T2H 2V9,50.9894,-114.052
T3J 5C1,51.1188,-113.9471
T3M 0P6,50.8796,-113.9555
T3J 0Z6,51.1188,-113.9471
T3P 0N3,51.2074,-114.1348
T3E 5X9,50.9899,-114.1574
T3A 1T6,51.1264,-114.1419
T3K 5B3,51.1563,-114.0572
T3C 1X9,51.0497,-114.1394
T2X 3S5,50.8837,-114.0326
T3M 2L8,50.8796,-113.9555
T2N 3B1,51.0621,-114.1159
T2Z 0T7,50.9278,-113.9682
T2Z 3H1,50.9278,-113.9682
T3E 2Z3,50.9899,-114.1574
T2M 0N5,51.133,-113.856
T3R 0A9,51.2021,-114.2453
T3M 1K2,50.8796,-113.9555
T3H 0J3,51.0419,-114.2
T3H 3K5,51.0419,-114.2
T2Y 0G5,50.9093,-114.1028
T2Z 1G6,50.9278,-113.9682
T2A 4H9,51.0494,-113.9564
T2E 2E2,51.0876,-114.0214
T3G 5Z5,51.1387,-114.2015
T3G 5N7,51.1387,-114.2015
T3P 1B6,51.2074,-114.1348
T3R 0G1,51.2021,-114.2453
T2T 2V5,51.0242,-114.1004
T2B 2W5,51.0209,-113.981
T3C 3G9,51.0497,-114.1394
T2V 2C3,50.9819,-114.1004
T2W 0K2,50.9514,-114.3591
T3K 5G3,51.1563,-114.0572
T2M 2S8,51.133,-113.856
T3M 2V9,50.8796,-113.9555
T2T 1R1,51.0242,-114.1004
T2S 0C9,51.0233,-114.071
T3C 1Z3,51.0497,-114.1394
T3E 2A8,50.9899,-114.1574
T3P 0E3,51.2074,-114.1348
T3R 7S5,51.2021,-114.2453
T3B 0R7,51.0915,-114.2073
T3H 0Y4,51.0419,-114.2
T3H 5S9,51.0419,-114.2
T2T 3E6,51.0242,-114.1004
T2P 0W3,51.0708,-113.6931
T3E 8A5,50.9899,-114.1574
T2L 1W1,51.1047,-114.1148
T3J 0B8,51.1188,-113.9471
T3M 0J7,50.8796,-113.9555
T2W 1P3,50.9514,-114.3591
T2J 3C8,50.8476,-114.1958
T2K 1B7,51.1111,-114.0477
T2Z 4T4,50.9278,-113.9682
T2V 4X1,50.9819,-114.1004
T2T 4A3,51.0242,-114.1004
T3C 0X1,51.0497,-114.1394
T3B 5N7,51.0915,-114.2073
T3M 0Y5,50.8796,-113.9555
T2Z 0B3,50.9278,-113.9682
T3A 6A5,51.1264,-114.1419
T1Y 4R1,51.0823,-113.9578
T2N 2J4,51.0621,-114.1159
T1Y 4W2,51.0823,-113.9578
T2P 5P6,51.0708,-113.6931
T3H 0E6,51.0419,-114.2
T2Y 0J7,50.9093,-114.1028
T3N 1G4,51.1626,-113.9537
T3G 3R9,51.1387,-114.2015
T2T 4S1,51.0242,-114.1004
T2N 3C8,51.0621,-114.1159
T2H 0X2,50.9894,-114.052
T2T 1T6,51.0242,-114.1004
T3B 1R2,51.0915,-114.2073
T2N 1A2,51.0621,-114.1159
T2Z 3L1,50.9278,-113.9682
T3E 5C1,50.9899,-114.1574
T3M 0C3,50.8796,-113.9555
T3G 4J9,51.1387,-114.2015
T2Y 3X7,50.9093,-114.1028
T2J 7G4,50.8476,-114.1958
T3C 3X5,51.0497,-114.1394
T3H 5H2,51.0419,-114.2
T3C 0N5,51.0497,-114.1394
T3B 6B4,51.0915,-114.2073
T2T 2M8,51.0242,-114.1004
T2N 3B8,51.0621,-114.1159
T2V 4A7,50.9819,-114.1004
T3E 8A9,50.9899,-114.1574
T2J 0T9,50.8476,-114.1958
T2V 0V7,50.9819,-114.1004
T2T 4S5,51.0242,-114.1004
T3L 2Y4,51.1467,-114.3133
T3G 5G3,51.1387,-114.2015
T3K 0K3,51.1563,-114.0572
T2J 2N7,50.8476,-114.1958
T3A 2X8,51.1264,-114.1419
T3E 8A2,50.9899,-114.1574
T2G 4N5,51.0272,-114.0349
T2V 1M7,50.9819,-114.1004
T2R 0M2,51.0412,-114.0762
T2K 1K3,51.1111,-114.0477
T3A 5N6,51.1264,-114.1419
T2J 7H3,50.8476,-114.1958
T3P 0R3,51.2074,-114.1348
T3H 0G3,51.0419,-114.2
T2Y 2Z1,50.9093,-114.1028
T2K 4H1,51.1111,-114.0477
T2N 0E6,51.0621,-114.1159
T1Y 4G9,51.0823,-113.9578
T3G 3Y3,51.1387,-114.2015
T2E 0M4,51.0876,-114.0214
T2N 0H3,51.0621,-114.1159
T2S 1T4,51.0233,-114.071
T3A 2E6,51.1264,-114.1419
T3B 3B3,51.0915,-114.2073
T2V 4A1,50.9819,-114.1004
T2W 6A6,50.9514,-114.3591
T2T 4H2,51.0242,-114.1004
T2T 5A9,51.0242,-114.1004
T3G 6B2,51.1387,-114.2015
T3J 0S6,51.1188,-113.9471
T2E 0K9,51.0876,-114.0214
T2T 6R6,51.0242,-114.1004
T1Y 2X7,51.0823,-113.9578
T2X 0S8,50.8837,-114.0326
T2W 0T3,50.9514,-114.3591
T3A 5H5,51.1264,-114.1419
T2C 0X8,50.987,-113.9634
T3A 2X6,51.1264,-114.1419
T3H 0S1,51.0419,-114.2
T2E 4S3,51.0876,-114.0214
T3B 0N6,51.0915,-114.2073
T3H 2X9,51.0419,-114.2
T2J 1M8,50.8476,-114.1958
T2V 1X5,50.9819,-114.1004
T2V 2P5,50.9819,-114.1004
T3K 2B6,51.1563,-114.0572
T3M 2S8,50.8796,-113.9555
T2Y 4M1,50.9093,-114.1028
T3K 4G4,51.1563,-114.0572
T2N 3Y3,51.0621,-114.1159
T3K 6E7,51.1563,-114.0572
T3H 0C2,51.0419,-114.2
T2Y 2T6,50.9093,-114.1028
T2V 5K5,50.9819,-114.1004
T2N 0L8,51.0621,-114.1159
T2T 0R5,51.0242,-114.1004
T1Y 5L7,51.0823,-113.9578
T2B 1K9,51.0209,-113.981
T2K 2C1,51.1111,-114.0477
T3N 1B7,51.1626,-113.9537
T3A 5Y7,51.1264,-114.1419
T3M 1P5,50.8796,-113.9555
T3K 6B3,51.1563,-114.0572
T2A 2G6,51.0494,-113.9564
T2L 2J9,51.1047,-114.1148
T2Y 0M8,50.9093,-114.1028
T3E 3V8,50.9899,-114.1574
T2N 2M6,51.0621,-114.1159
T3M 2B8,50.8796,-113.9555
T3H 4X6,51.0419,-114.2
T2Z 1J6,50.9278,-113.9682
T3K 0W5,51.1563,-114.0572
T3K 0P1,51.1563,-114.0572
T3P 0M5,51.2074,-114.1348
T2T 2R7,51.0242,-114.1004
T2V 3E3,50.9819,-114.1004
T3K 5Z1,51.1563,-114.0572
T2S 1P4,51.0233,-114.071
T3B 1Y3,51.0915,-114.2073
T3E 7V3,50.9899,-114.1574
T3E 1G3,50.9899,-114.1574
T2Z 1A3,50.9278,-113.9682
T2J 3Y9,50.8476,-114.1958
T3B 5V3,51.0915,-114.2073
T3H 3A6,51.0419,-114.2
T3R 0V5,51.2021,-114.2453
T2V 5H4,50.9819,-114.1004
T2T 4T4,51.0242,-114.1004
T2Z 1Z2,50.9278,-113.9682
T2N 2W5,51.0621,-114.1159
T3L 3B8,51.1467,-114.3133
T2M 0Y9,51.133,-113.856
T2M 2B1,51.133,-113.856
T2N 1V1,51.0621,-114.1159
T2B 3G6,51.0209,-113.981
T2C 4H3,50.987,-113.9634
T3H 0S7,51.0419,-114.2
T2R 1B5,51.0412,-114.0762
T1Y 1H8,51.0823,-113.9578
T2T 0L3,51.0242,-114.1004
T2C 5L7,50.987,-113.9634
T3A 2A8,51.1264,-114.1419
T2T 0L5,51.0242,-114.1004
T3E 2K1,50.9899,-114.1574
T2T 3Z8,51.0242,-114.1004
T3E 2A4,50.9899,-114.1574
T2C 5M9,50.987,-113.9634
T3H 3E6,51.0419,-114.2
T3K 3X6,51.1563,-114.0572
T2N 1N2,51.0621,-114.1159
T2E 0L8,51.0876,-114.0214
T3B 5P9,51.0915,-114.2073
T2Z 1H8,50.9278,-113.9682
T2W 3P8,50.9514,-114.3591
T3E 7E7,50.9899,-114.1574
T3L 2M7,51.1467,-114.3133
T2A 4Y5,51.0494,-113.9564
T3H 2X6,51.0419,-114.2
T3B 0N9,51.0915,-114.2073
T2Z 4T6,50.9278,-113.9682
T2W 2V1,50.9514,-114.3591
T1Y 5Z3,51.0823,-113.9578
T3B 3C4,51.0915,-114.2073
T2N 2M7,51.0621,-114.1159
T2E 2N8,51.0876,-114.0214
T2S 0Z8,51.0233,-114.071
T3N 0A9,51.1626,-113.9537
T3A 2Y3,51.1264,-114.1419
T3H 4H2,51.0419,-114.2
T2N 3K5,51.0621,-114.1159
T3R 0W8,51.2021,-114.2453
T2J 1W1,50.8476,-114.1958
T2K 4Z7,51.1111,-114.0477
T2A 3N2,51.0494,-113.9564
T3M 1Y8,50.8796,-113.9555
T3C 0S1,51.0497,-114.1394
T2T 1K6,51.0242,-114.1004
T3H 5K3,51.0419,-114.2
T3B 4V8,51.0915,-114.2073
T3K 0W3,51.1563,-114.0572
T3H 3G3,51.0419,-114.2
T2E 0M2,51.0876,-114.0214
T2N 1X1,51.0621,-114.1159
T2V 3K9,50.9819,-114.1004
T3C 2H2,51.0497,-114.1394
T3G 4E4,51.1387,-114.2015
T3H 4P9,51.0419,-114.2
T2V 5K2,50.9819,-114.1004
T2G 0M7,51.0272,-114.0349
T2T 2W2,51.0242,-114.1004
T2L 0W5,51.1047,-114.1148
T2N 2S7,51.0621,-114.1159
T2A 5X5,51.0494,-113.9564
T3E 2M1,50.9899,-114.1574
T2E 8W2,51.0876,-114.0214
T2N 0K8,51.0621,-114.1159
T2L 0N8,51.1047,-114.1148
T2A 5C2,51.0494,-113.9564
T3E 3N6,50.9899,-114.1574
T3K 3X1,51.1563,-114.0572
T2Z 3J2,50.9278,-113.9682
T3E 2P8,50.9899,-114.1574
T3R 1S2,51.2021,-114.2453
T3E 6V3,50.9899,-114.1574
T2Z 5B6,50.9278,-113.9682
T2W 3K2,50.9514,-114.3591
T3M 2E3,50.8796,-113.9555
T3K 1H2,51.1563,-114.0572
T2S 0Z3,51.0233,-114.071
T2E 5J1,51.0876,-114.0214
T3C 2L8,51.0497,-114.1394
T3G 3L5,51.1387,-114.2015
T3C 0N6,51.0497,-114.1394
T3R 0R1,51.2021,-114.2453
T3M 0A7,50.8796,-113.9555
T2P 1N4,51.0708,-113.6931
T3M 1Y7,50.8796,-113.9555
T2W 3L6,50.9514,-114.3591
T2A 0V4,51.0494,-113.9564
T1Y 2G2,51.0823,-113.9578
T2V 0C3,50.9819,-114.1004
T2V 0N4,50.9819,-114.1004
T3J 3L7,51.1188,-113.9471
T2S 0Y9,51.0233,-114.071
T3B 2B9,51.0915,-114.2073
T2J 3M9,50.8476,-114.1958
T2N 4S4,51.0621,-114.1159
T2N 3H7,51.0621,-114.1159
T2G 1S9,51.0272,-114.0349
T2M 0B4,51.133,-113.856
T2J 6Y6,50.8476,-114.1958
T3E 3L4,50.9899,-114.1574
T3E 7A6,50.9899,-114.1574
T2Y 1X2,50.9093,-114.1028
T2J 3C1,50.8476,-114.1958
T3C 3C7,51.0497,-114.1394
T2T 2L4,51.0242,-114.1004
T2T 1L1,51.0242,-114.1004
T2H 0W6,50.9894,-114.052
T1Y 4E8,51.0823,-113.9578
T3C 0V9,51.0497,-114.1394
T2X 3V5,50.8837,-114.0326
T3H 3R1,51.0419,-114.2
T3C 2C8,51.0497,-114.1394
T3K 0N4,51.1563,-114.0572
T3B 4W4,51.0915,-114.2073
T2E 5J8,51.0876,-114.0214
T2J 7H5,50.8476,-114.1958
T3G 4N6,51.1387,-114.2015
T2A 1B4,51.0494,-113.9564
T3E 5Z7,50.9899,-114.1574
T3H 3R2,51.0419,-114.2
T1Y 6X6,51.0823,-113.9578
T1Y 6K5,51.0823,-113.9578
T3G 6A4,51.1387,-114.2015
T3H 0Z8,51.0419,-114.2
T3K 0C7,51.1563,-114.0572
T3H 5W1,51.0419,-114.2
T3K 4P9,51.1563,-114.0572
T2V 3H3,50.9819,-114.1004
T3G 5S4,51.1387,-114.2015
T2T 6M7,51.0242,-114.1004
T3M 0P4,50.8796,-113.9555
T2R 0N9,51.0412,-114.0762
T3C 0R5,51.0497,-114.1394
T3B 0J3,51.0915,-114.2073
T2K 2B8,51.1111,-114.0477
T2J 2R9,50.8476,-114.1958
T3M 2Y3,50.8796,-113.9555
T3B 6H3,51.0915,-114.2073
T2T 0Z5,51.0242,-114.1004
T2N 3H2,51.0621,-114.1159
T3B 2C6,51.0915,-114.2073
T2V 3V5,50.9819,-114.1004
T2Z 2L3,50.9278,-113.9682
T3E 5E3,50.9899,-114.1574
T2W 2X6,50.9514,-114.3591
T3M 0R5,50.8796,-113.9555
T3J 0S3,51.1188,-113.9471
T2W 0S1,50.9514,-114.3591
T2E 1A7,51.0876,-114.0214
T2L 0M3,51.1047,-114.1148
T2C 2J8,50.987,-113.9634
T3G 5R4,51.1387,-114.2015
T2J 4W5,50.8476,-114.1958
T2J 3W2,50.8476,-114.1958
T3H 2M3,51.0419,-114.2
T2E 2J2,51.0876,-114.0214
T2M 1M1,51.133,-113.856
T3R 0R8,51.2021,-114.2453
T3G 4B5,51.1387,-114.2015
T2N 1Z7,51.0621,-114.1159
T2C 4H4,50.987,-113.9634
T2T 2J3,51.0242,-114.1004
T3C 1L9,51.0497,-114.1394
T2Z 0W4,50.9278,-113.9682
T3H 5Y9,51.0419,-114.2
T3M 1G6,50.8796,-113.9555
T3H 2Z6,51.0419,-114.2
T3H 3B9,51.0419,-114.2
T3B 4T6,51.0915,-114.2073
T2E 3H1,51.0876,-114.0214
T3M 2Z5,50.8796,-113.9555
T3N 0P4,51.1626,-113.9537
T3H 1A1,51.0419,-114.2
T2N 3S9,51.0621,-114.1159
T3K 0T1,51.1563,-114.0572
T2Z 1T1,50.9278,-113.9682
T2V 5C5,50.9819,-114.1004
T1Y 6V6,51.0823,-113.9578
T3E 2Y9,50.9899,-114.1574
T3A 5C8,51.1264,-114.1419
T2Y 3G3,50.9093,-114.1028
T2K 5A2,51.1111,-114.0477
T2G 0B3,51.0272,-114.0349
T3E 5P4,50.9899,-114.1574
T2A 7Z4,51.0494,-113.9564
T2T 0K3,51.0242,-114.1004
T3H 2Y1,51.0419,-114.2
T2R 0J5,51.0412,-114.0762
T3K 6G2,51.1563,-114.0572
T2E 3Y8,51.0876,-114.0214
T2G 0G8,51.0272,-114.0349
T2Y 3L7,50.9093,-114.1028
T2E 5J6,51.0876,-114.0214
T3J 1B1,51.1188,-113.9471
T3H 5Z5,51.0419,-114.2
T3G 5T6,51.1387,-114.2015
T2P 5R3,51.0708,-113.6931
T3R 0J2,51.2021,-114.2453
T2K 2E5,51.1111,-114.0477
T3G 0C6,51.1387,-114.2015
T3H 3E3,51.0419,-114.2
T2R 1B4,51.0412,-114.0762
T2A 6Z5,51.0494,-113.9564
T3H 5C7,51.0419,-114.2
T3E 7G6,50.9899,-114.1574
T3A 6H4,51.1264,-114.1419
T3G 4X2,51.1387,-114.2015
T2P 5E2,51.0708,-113.6931
T3E 6S3,50.9899,-114.1574
T3M 0A9,50.8796,-113.9555
T3G 4R6,51.1387,-114.2015
T2P 1K8,51.0708,-113.6931
T3A 2C7,51.1264,-114.1419
T1Y 2Y1,51.0823,-113.9578
T3J 0G6,51.1188,-113.9471
T3E 5Z4,50.9899,-114.1574
T2J 5H5,50.8476,-114.1958
T2N 2X3,51.0621,-114.1159
T2T 0H7,51.0242,-114.1004
T3E 0S8,50.9899,-114.1574
T3C 1G3,51.0497,-114.1394
T3A 0P5,51.1264,-114.1419
T3G 4R7,51.1387,-114.2015
T2T 1K9,51.0242,-114.1004
T2V 5G7,50.9819,-114.1004
T3G 5P8,51.1387,-114.2015
T3E 4X8,50.9899,-114.1574
T3H 0H1,51.0419,-114.2
T2V 3E9,50.9819,-114.1004
T3K 0W1,51.1563,-114.0572
T2X 4E5,50.8837,-114.0326
T3B 2M7,51.0915,-114.2073
T2J 1N3,50.8476,-114.1958
T3R 1P6,51.2021,-114.2453
T3H 2R1,51.0419,-114.2
T2J 0Y8,50.8476,-114.1958
T2H 1V3,50.9894,-114.052
T2X 4L2,50.8837,-114.0326
T2W 4L2,50.9514,-114.3591
T2J 0V2,50.8476,-114.1958
T2V 5J9,50.9819,-114.1004
T2K 0H6,51.1111,-114.0477
T3J 0V2,51.1188,-113.9471
T2R 0P8,51.0412,-114.0762
T3H 3M8,51.0419,-114.2
T3J 1Z5,51.1188,-113.9471
T2N 3C7,51.0621,-114.1159
T2T 3W2,51.0242,-114.1004
T2A 7J1,51.0494,-113.9564
T3M 1S1,50.8796,-113.9555
T2S 0L3,51.0233,-114.071
T2E 3W9,51.0876,-114.0214
T1Y 6T3,51.0823,-113.9578
T3J 1K8,51.1188,-113.9471
T2T 2T7,51.0242,-114.1004
T3M 3B3,50.8796,-113.9555
T2Z 2Y8,50.9278,-113.9682
T2L 2L8,51.1047,-114.1148
T2Y 0G8,50.9093,-114.1028
T2Z 0L6,50.9278,-113.9682
T2X 0C8,50.8837,-114.0326
T3N 0P3,51.1626,-113.9537
T2Z 0A7,50.9278,-113.9682
T3J 0X2,51.1188,-113.9471
T3B 2L1,51.0915,-114.2073
T2L 0T9,51.1047,-114.1148
T3G 5N5,51.1387,-114.2015
T3L 2T2,51.1467,-114.3133
T1Y 4R5,51.0823,-113.9578
T3H 3G2,51.0419,-114.2
T2Y 0R2,50.9093,-114.1028
T2Z 4A7,50.9278,-113.9682
T2G 0R5,51.0272,-114.0349
T3J 4P3,51.1188,-113.9471
T2M 1C4,51.133,-113.856
T2X 0N4,50.8837,-114.0326
T2W 3Y1,50.9514,-114.3591
T3B 3E4,51.0915,-114.2073
T3H 3R6,51.0419,-114.2
T2X 3Z6,50.8837,-114.0326
T2C 1Y6,50.987,-113.9634
T2Y 0A8,50.9093,-114.1028
T2T 0H6,51.0242,-114.1004
T2M 4E3,51.133,-113.856
T2Y 1C5,50.9093,-114.1028
T2Y 4R6,50.9093,-114.1028
T2M 3J3,51.133,-113.856
T3M 3C7,50.8796,-113.9555
T3R 0Z9,51.2021,-114.2453
T2T 3W4,51.0242,-114.1004
T3E 3S4,50.9899,-114.1574
T2T 1S5,51.0242,-114.1004
T2X 0N8,50.8837,-114.0326
T2R 1R8,51.0412,-114.0762
T2X 0T1,50.8837,-114.0326
T3M 0H5,50.8796,-113.9555
T2P 5K1,51.0708,-113.6931
T2G 1T2,51.0272,-114.0349
T3E 4S6,50.9899,-114.1574
T3E 7T2,50.9899,-114.1574
T2V 3N1,50.9819,-114.1004
T3H 1S4,51.0419,-114.2
T3H 1S8,51.0419,-114.2
T2Y 2Y4,50.9093,-114.1028
T2P 0X2,51.0708,-113.6931
T3J 2Y4,51.1188,-113.9471
T2E 3J4,51.0876,-114.0214
T3B 6J1,51.0915,-114.2073
T2Z 0Y8,50.9278,-113.9682
T2Y 4S9,50.9093,-114.1028
T2E 0H4,51.0876,-114.0214
T3E 0H8,50.9899,-114.1574
T3E 3P3,50.9899,-114.1574
T3K 0J9,51.1563,-114.0572
T2E 1M9,51.0876,-114.0214
T2Y 3J6,50.9093,-114.1028
T3B 3G6,51.0915,-114.2073
T2N 4J3,51.0621,-114.1159
T3H 5P4,51.0419,-114.2
T3C 1X3,51.0497,-114.1394
T2N 0S6,51.0621,-114.1159
T2X 0Y7,50.8837,-114.0326
T2H 1J4,50.9894,-114.052
T2A 2T3,51.0494,-113.9564
T2V 4Y8,50.9819,-114.1004
T2Z 0G2,50.9278,-113.9682
T3L 2J4,51.1467,-114.3133
T3E 1X6,50.9899,-114.1574
T2W 1S1,50.9514,-114.3591
T3P 0E8,51.2074,-114.1348
T2E 1N8,51.0876,-114.0214
T2X 3N7,50.8837,-114.0326
T2G 0S7,51.0272,-114.0349
T3C 3T9,51.0497,-114.1394
T2A 1T9,51.0494,-113.9564
T3H 1C8,51.0419,-114.2
T2G 4Z8,51.0272,-114.0349
T3M 2L3,50.8796,-113.9555
T3A 0P2,51.1264,-114.1419
T2Z 3R2,50.9278,-113.9682
T2N 0N7,51.0621,-114.1159
T2N 3J4,51.0621,-114.1159
T3M 2N1,50.8796,-113.9555
T3E 4X4,50.9899,-114.1574
T2Y 3W4,50.9093,-114.1028
T3R 0C1,51.2021,-114.2453
T2T 1A6,51.0242,-114.1004
T2T 3P6,51.0242,-114.1004
T3C 2E9,51.0497,-114.1394
T3A 2Z4,51.1264,-114.1419
T3B 6H8,51.0915,-114.2073
T2Y 3L4,50.9093,-114.1028
T3M 1M3,50.8796,-113.9555
T2H 1N6,50.9894,-114.052
T3R 0B4,51.2021,-114.2453
T2L 0Z1,51.1047,-114.1148
T3M 0J1,50.8796,-113.9555
T3H 0C4,51.0419,-114.2
T3G 1L9,51.1387,-114.2015
T3M 0H2,50.8796,-113.9555
T3H 4W2,51.0419,-114.2
T2Y 2S3,50.9093,-114.1028
T2N 0G9,51.0621,-114.1159
T2E 1A2,51.0876,-114.0214
T3M 0A1,50.8796,-113.9555
T2W 2N4,50.9514,-114.3591
T2S 1V2,51.0233,-114.071
T2Z 1L4,50.9278,-113.9682
T3C 3H6,51.0497,-114.1394
T2T 1E5,51.0242,-114.1004
T2C 1B9,50.987,-113.9634
T3R 1K1,51.2021,-114.2453
T3B 2L4,51.0915,-114.2073
T3B 2P4,51.0915,-114.2073
T3B 2P2,51.0915,-114.2073
T2L 0M7,51.1047,-114.1148
T2Y 0E7,50.9093,-114.1028
T3M 2V5,50.8796,-113.9555
T3H 3R7,51.0419,-114.2
T3J 3P6,51.1188,-113.9471
T3P 0M8,51.2074,-114.1348
T2N 1E1,51.0621,-114.1159
T2T 4P2,51.0242,-114.1004
T3L 1N3,51.1467,-114.3133
T2N 4E4,51.0621,-114.1159
T2N 2A2,51.0621,-114.1159
T3C 2K5,51.0497,-114.1394
T2T 1V1,51.0242,-114.1004
T2J 7C8,50.8476,-114.1958
T2H 0Z1,50.9894,-114.052
T3H 1A8,51.0419,-114.2
T2T 4W1,51.0242,-114.1004
T3R 1M1,51.2021,-114.2453
T3J 0G5,51.1188,-113.9471
T2X 2E7,50.8837,-114.0326
T2V 2W3,50.9819,-114.1004
T3M 2P1,50.8796,-113.9555
T2T 2P2,51.0242,-114.1004
T2X 3Y1,50.8837,-114.0326
T3G 1P4,51.1387,-114.2015
T2Y 3E8,50.9093,-114.1028
T3N 0J3,51.1626,-113.9537
T3R 0H3,51.2021,-114.2453
T2A 6G8,51.0494,-113.9564
T2B 3R6,51.0209,-113.981
T2P 5K2,51.0708,-113.6931
T3J 2R7,51.1188,-113.9471
T2Z 4T2,50.9278,-113.9682
T2S 0H4,51.0233,-114.071
T3M 0X8,50.8796,-113.9555
T3N 0M8,51.1626,-113.9537
T3H 0M2,51.0419,-114.2
T3H 5G4,51.0419,-114.2
T3L 3A3,51.1467,-114.3133
T3B 3Z5,51.0915,-114.2073
T3A 2M3,51.1264,-114.1419
T2C 5P4,50.987,-113.9634
T2J 6N6,50.8476,-114.1958
T3M 0B2,50.8796,-113.9555
T2L 0L3,51.1047,-114.1148
T3H 1L4,51.0419,-114.2
T2N 3S8,51.0621,-114.1159
T3N 1T4,51.1626,-113.9537
T3J 0X7,51.1188,-113.9471
T3G 5M3,51.1387,-114.2015
T3H 5B2,51.0419,-114.2
T2Z 3N5,50.9278,-113.9682
T3H 0K5,51.0419,-114.2
T3B 5Z8,51.0915,-114.2073
T2Z 1E2,50.9278,-113.9682
nan,,
T2A 5E5,51.0494,-113.9564
T3E 7R3,50.9899,-114.1574
T3M 2M7,50.8796,-113.9555
T3E 8A8,50.9899,-114.1574
T2X 2H7,50.8837,-114.0326
T2R 0B1,51.0412,-114.0762
T3B 2N9,51.0915,-114.2073
T2A 6P1,51.0494,-113.9564
T3B 2E4,51.0915,-114.2073
T2C 1T8,50.987,-113.9634
T3G 4Y8,51.1387,-114.2015
T2T 1E9,51.0242,-114.1004
T3E 5X5,50.9899,-114.1574
T3H 5N7,51.0419,-114.2
T3J 2S8,51.1188,-113.9471
T2X 3Y8,50.8837,-114.0326
T2V 2C5,50.9819,-114.1004
T2L 1N5,51.1047,-114.1148
T2N 0K5,51.0621,-114.1159
T2V 2B9,50.9819,-114.1004
T2W 4H5,50.9514,-114.3591
T2L 1R4,51.1047,-114.1148
T1Y 6T5,51.0823,-113.9578
T2E 3S9,51.0876,-114.0214
T3A 3H1,51.1264,-114.1419
T2E 5R3,51.0876,-114.0214
T2T 6S3,51.0242,-114.1004
T3G 4G4,51.1387,-114.2015
T1Y 3T8,51.0823,-113.9578
T3J 3P2,51.1188,-113.9471
T2Y 0N2,50.9093,-114.1028
T2T 4M2,51.0242,-114.1004
T2K 1C9,51.1111,-114.0477
T3M 2A5,50.8796,-113.9555
T2E 4T3,51.0876,-114.0214
T3J 3N6,51.1188,-113.9471
T3A 5K2,51.1264,-114.1419
T2B 0L4,51.0209,-113.981
X0X 0X0,,
T1Y 4S4,51.0823,-113.9578
T3N 0V6,51.1626,-113.9537
T2A 0L4,51.0494,-113.9564
T2E 1N3,51.0876,-114.0214
T3N 1K7,51.1626,-113.9537
T3N 0S4,51.1626,-113.9537
T3M 2G5,50.8796,-113.9555
T2E 6M1,51.0876,-114.0214
T3L 0E4,51.1467,-114.3133
T3C 3H2,51.0497,-114.1394
T2K 4Z4,51.1111,-114.0477
T3P 0G9,51.2074,-114.1348
T3P 0X3,51.2074,-114.1348
T3G 5J7,51.1387,-114.2015
T3M 0A5,50.8796,-113.9555
T2Y 0K7,50.9093,-114.1028
T3R 0Y7,51.2021,-114.2453
T2K 1W5,51.1111,-114.0477
T2X 1Y9,50.8837,-114.0326
T3H 4B5,51.0419,-114.2
T2V 0G7,50.9819,-114.1004
T3M 2V1,50.8796,-113.9555
T2P 3T9,51.0708,-113.6931
T2T 1T4,51.0242,-114.1004
T2T 3S9,51.0242,-114.1004
T2N 4Y8,51.0621,-114.1159
T3A 2E3,51.1264,-114.1419
T3N 0P5,51.1626,-113.9537
T2A 0G4,51.0494,-113.9564
T2G 5R5,51.0272,-114.0349
T3M 0V3,50.8796,-113.9555
T2T 4V4,51.0242,-114.1004
T2L 0M8,51.1047,-114.1148
T2G 4S2,51.0272,-114.0349
T2T 3X9,51.0242,-114.1004
T3K 2L8,51.1563,-114.0572
T2T 2R6,51.0242,-114.1004
T2N 1A7,51.0621,-114.1159
T3J 2B3,51.1188,-113.9471
T3H 1P3,51.0419,-114.2
T2J 7E9,50.8476,-114.1958
T2V 1S5,50.9819,-114.1004
T3A 4W6,51.1264,-114.1419
T3C 1H4,51.0497,-114.1394
T2X 0T8,50.8837,-114.0326
T2X 0N5,50.8837,-114.0326
T3P 0W2,51.2074,-114.1348
T2R 1J7,51.0412,-114.0762
T2Y 0L2,50.9093,-114.1028
T2T 1J5,51.0242,-114.1004
T3H 3B8,51.0419,-114.2
T3K 5J8,51.1563,-114.0572
T3K 5K2,51.1563,-114.0572
T3K 4T7,51.1563,-114.0572
T3H 4L8,51.0419,-114.2
T3K 2B2,51.1563,-114.0572
T1Y 7L4,51.0823,-113.9578
T2C 3Z8,50.987,-113.9634
T3M 2E7,50.8796,-113.9555
T2T 2N3,51.0242,-114.1004
T3E 2T1,50.9899,-114.1574
T3E 6Z9,50.9899,-114.1574
T2E 1A6,51.0876,-114.0214
T3B 4Z8,51.0915,-114.2073
T2R 1G9,51.0412,-114.0762
T3K 2G3,51.1563,-114.0572
T3H 2T6,51.0419,-114.2
T3H 3V6,51.0419,-114.2
T3E 2W1,50.9899,-114.1574
T2J 2A3,50.8476,-114.1958
T3E 4S4,50.9899,-114.1574
T2S 1A5,51.0233,-114.071
T2M 1P7,51.133,-113.856
T2L 1R6,51.1047,-114.1148
T2N 0P6,51.0621,-114.1159
T2T 5J9,51.0242,-114.1004
T2M 4G7,51.133,-113.856
T3H 0X6,51.0419,-114.2
T2Y 2Y5,50.9093,-114.1028
T3J 0M1,51.1188,-113.9471
T2N 3M2,51.0621,-114.1159
T2E 1E3,51.0876,-114.0214
T2N 3E8,51.0621,-114.1159
T3K 0E6,51.1563,-114.0572
T2N 0L3,51.0621,-114.1159
T2V 0G8,50.9819,-114.1004
T1Y 5X8,51.0823,-113.9578
T3M 0C5,50.8796,-113.9555
T3A 0L4,51.1264,-114.1419
T2T 6G9,51.0242,-114.1004
T2Y 3Y5,50.9093,-114.1028
T3M 0G5,50.8796,-113.9555
T2X 2E1,50.8837,-114.0326
T2M 3A8,51.133,-113.856
T2V 1H4,50.9819,-114.1004
T3N 1J9,51.1626,-113.9537
T3E 5L4,50.9899,-114.1574
T3N 0N6,51.1626,-113.9537
T3C 0A1,51.0497,-114.1394
T2X 3Z3,50.8837,-114.0326
T2M 1V3,51.133,-113.856
T2T 4L8,51.0242,-114.1004
T3R 0V3,51.2021,-114.2453
T2M 1G8,51.133,-113.856
T2S 1H6,51.0233,-114.071
T3G 3X2,51.1387,-114.2015
T1Y 3G7,51.0823,-113.9578
T2W 0V3,50.9514,-114.3591
T2W 3P7,50.9514,-114.3591
T2K 0C2,51.1111,-114.0477
T2J 1P4,50.8476,-114.1958
T3E 3G1,50.9899,-114.1574
T2T 1Y6,51.0242,-114.1004
T3M 2X2,50.8796,-113.9555
T3A 1W2,51.1264,-114.1419
T2X 3Z7,50.8837,-114.0326
T3K 4G9,51.1563,-114.0572
T2T 4K8,51.0242,-114.1004
T3E 7N9,50.9899,-114.1574
T3M 0T4,50.8796,-113.9555
T2V 0H3,50.9819,-114.1004
T2E 0J4,51.0876,-114.0214
T2Z 1H9,50.9278,-113.9682
T3H 2L3,51.0419,-114.2
T2Y 1V6,50.9093,-114.1028
T2A 1B7,51.0494,-113.9564
T3L 0C1,51.1467,-114.3133
T2N 2G4,51.0621,-114.1159
T2V 4C1,50.9819,-114.1004
T2S 1T5,51.0233,-114.071
T2Z 1K1,50.9278,-113.9682
T2T 3X4,51.0242,-114.1004
T2E 0W6,51.0876,-114.0214
T2P 5N4,51.0708,-113.6931
T3H 0E2,51.0419,-114.2
T2E 4Y5,51.0876,-114.0214
T2T 3E8,51.0242,-114.1004
T3S 0A4,50.9153,-113.8932
T2N 1A4,51.0621,-114.1159
T3M 1R6,50.8796,-113.9555
T2M 0V9,51.133,-113.856
T2B 3C3,51.0209,-113.981
T2T 4L6,51.0242,-114.1004
T3H 6A1,51.0419,-114.2
T3G 5Y5,51.1387,-114.2015
T2M 4K1,51.133,-113.856
T2R 0C3,51.0412,-114.0762
T2T 1N4,51.0242,-114.1004
T3H 3Z5,51.0419,-114.2
T2G 5N7,51.0272,-114.0349
T3H 2A8,51.0419,-114.2
T2L 2A1,51.1047,-114.1148
T3H 4Y2,51.0419,-114.2
T2Z 4H2,50.9278,-113.9682
T2J 1N2,50.8476,-114.1958
T3C 1V6,51.0497,-114.1394
T3R 0V4,51.2021,-114.2453
T3P 0M1,51.2074,-114.1348
T3H 4C4,51.0419,-114.2
T2J 0Y6,50.8476,-114.1958
T2G 3K8,51.0272,-114.0349
T2S 2V6,51.0233,-114.071
T3C 3X7,51.0497,-114.1394
T2V 2L2,50.9819,-114.1004
T2N 0C1,51.0621,-114.1159
T3H 5X3,51.0419,-114.2
T2J 2J1,50.8476,-114.1958
T2T 3J1,51.0242,-114.1004
T3B 6G6,51.0915,-114.2073
T3L 1L2,51.1467,-114.3133
T2N 4J4,51.0621,-114.1159
T3E 7A4,50.9899,-114.1574
T3G 1E9,51.1387,-114.2015
T3A 5S1,51.1264,-114.1419
T3M 0M8,50.8796,-113.9555
T2Z 0R8,50.9278,-113.9682
T2S 3C9,51.0233,-114.071
T2E 1T2,51.0876,-114.0214
T2M 3W5,51.133,-113.856
T2X 0M8,50.8837,-114.0326
T2R 0H8,51.0412,-114.0762
T3P 1K3,51.2074,-114.1348
T2N 3R3,51.0621,-114.1159
T2T 6M3,51.0242,-114.1004
T2Z 3Z7,50.9278,-113.9682
T3H 0M1,51.0419,-114.2
T3H 0S2,51.0419,-114.2
T2J 0S9,50.8476,-114.1958
T2T 3B8,51.0242,-114.1004
T2A 3C7,51.0494,-113.9564
T2C 0V9,50.987,-113.9634
T3P 0B6,51.2074,-114.1348
T3B 1L5,51.0915,-114.2073
T2X 2A7,50.8837,-114.0326
T2K 6H4,51.1111,-114.0477
T2E 9C3,51.0876,-114.0214
T2S 0J1,51.0233,-114.071
T2V 2M2,50.9819,-114.1004
T2N 4M1,51.0621,-114.1159
T2W 1Y6,50.9514,-114.3591
T2N 0A2,51.0621,-114.1159
T2N 4H7,51.0621,-114.1159
T3J 3Y9,51.1188,-113.9471
T3M 0W1,50.8796,-113.9555
T2E 1Y7,51.0876,-114.0214
T3E 2W6,50.9899,-114.1574
T2K 5X6,51.1111,-114.0477
T3J 0N7,51.1188,-113.9471
T2M 1J9,51.133,-113.856
T3E 6S7,50.9899,-114.1574
T3J 1Y6,51.1188,-113.9471
T3B 0Y1,51.0915,-114.2073
T2E 1Y8,51.0876,-114.0214
T3G 1B5,51.1387,-114.2015
T2T 1N3,51.0242,-114.1004
T2P 5M9,51.0708,-113.6931
T2N 1C4,51.0621,-114.1159
T2Z 5G1,50.9278,-113.9682
T2A 6G9,51.0494,-113.9564
T2J 1E7,50.8476,-114.1958
T3H 1W6,51.0419,-114.2
T3H 1C6,51.0419,-114.2
T2G 1C1,51.0272,-114.0349
T2Y 0P6,50.9093,-114.1028
T2N 0J1,51.0621,-114.1159
T2T 1M5,51.0242,-114.1004
T2N 3H6,51.0621,-114.1159
T3E 5M6,50.9899,-114.1574
T2Z 0Y7,50.9278,-113.9682
T3N 1S1,51.1626,-113.9537
T3H 1S9,51.0419,-114.2
T2T 1J4,51.0242,-114.1004
T3H 3W8,51.0419,-114.2
T2E 4B6,51.0876,-114.0214
T3K 1B7,51.1563,-114.0572
T3G 3B5,51.1387,-114.2015
T3A 3Y2,51.1264,-114.1419
T3E 2Z7,50.9899,-114.1574
T2N 1V5,51.0621,-114.1159
T2G 2Y3,51.0272,-114.0349
T3M 2J4,50.8796,-113.9555
T2N 1C2,51.0621,-114.1159
T3N 0L4,51.1626,-113.9537
T3C 1K8,51.0497,-114.1394
T3G 3N4,51.1387,-114.2015
T2M 2C8,51.133,-113.856
T2X 4K1,50.8837,-114.0326
T2T 0C8,51.0242,-114.1004
T2S 0K8,51.0233,-114.071
T2Z 0M7,50.9278,-113.9682
T3H 4W1,51.0419,-114.2
T2T 5K9,51.0242,-114.1004
T3G 0E1,51.1387,-114.2015
T2P 5G3,51.0708,-113.6931
T3P 1J6,51.2074,-114.1348
T2X 0M7,50.8837,-114.0326
T3G 5R1,51.1387,-114.2015
T2V 3Y3,50.9819,-114.1004
T2C 4J8,50.987,-113.9634
T2Z 2M9,50.9278,-113.9682
T2S 1G3,51.0233,-114.071
T2X 1K8,50.8837,-114.0326
T2E 0E5,51.0876,-114.0214
T3J 2S2,51.1188,-113.9471
T3C 0N7,51.0497,-114.1394
T2X 1K4,50.8837,-114.0326
T2N 0J6,51.0621,-114.1159
T3H 4T7,51.0419,-114.2
T2S 1R2,51.0233,-114.071
T3P 1J7,51.2074,-114.1348
T3P 0G2,51.2074,-114.1348
T3M 1Z4,50.8796,-113.9555
T2X 0K1,50.8837,-114.0326
T2Y 0N8,50.9093,-114.1028
T3R 0M6,51.2021,-114.2453
T3A 2E2,51.1264,-114.1419
T2N 3N6,51.0621,-114.1159
T3B 4W1,51.0915,-114.2073
T2P 5K4,51.0708,-113.6931
T2T 3S7,51.0242,-114.1004
T3B 2Z8,51.0915,-114.2073
T2V 2W1,50.9819,-114.1004
T3P 1N1,51.2074,-114.1348
T3A 2W4,51.1264,-114.1419
T2E 5L2,51.0876,-114.0214
T2E 7Y1,51.0876,-114.0214
T2V 0E6,50.9819,-114.1004
T2N 4Y7,51.0621,-114.1159
T2G 5K6,51.0272,-114.0349
T3H 5T6,51.0419,-114.2
T2M 0P6,51.133,-113.856
T2A 2S7,51.0494,-113.9564
T2T 6B5,51.0242,-114.1004
T2L 2H8,51.1047,-114.1148
T2S 0W9,51.0233,-114.071
T2K 0S6,51.1111,-114.0477
T3J 5E9,51.1188,-113.9471
T2T 4C8,51.0242,-114.1004
T2T 1N8,51.0242,-114.1004
T3B 5J7,51.0915,-114.2073
T3E 4P3,50.9899,-114.1574
T3G 5R6,51.1387,-114.2015
T2M 0P3,51.133,-113.856
T2T 4G3,51.0242,-114.1004
T2T 4G1,51.0242,-114.1004
T2Z 3G7,50.9278,-113.9682
T3H 3K1,51.0419,-114.2
T3H 4L7,51.0419,-114.2
T3C 1Y2,51.0497,-114.1394
T3B 0H6,51.0915,-114.2073
T2S 3H4,51.0233,-114.071
T3A 6C5,51.1264,-114.1419
T2Y 0P9,50.9093,-114.1028
T2X 3Z9,50.8837,-114.0326
T2N 0K3,51.0621,-114.1159
T3P 0Z2,51.2074,-114.1348
T3C 1L5,51.0497,-114.1394
T3M 1W7,50.8796,-113.9555
T2A 3H8,51.0494,-113.9564
T3M 2J7,50.8796,-113.9555
T3J 4T7,51.1188,-113.9471
T2V 2C4,50.9819,-114.1004
T3K 0B7,51.1563,-114.0572
T3J 0V3,51.1188,-113.9471
T2R 0M4,51.0412,-114.0762
T3E 2A7,50.9899,-114.1574
T2P 1L1,51.0708,-113.6931
T2N 0A8,51.0621,-114.1159
T3E 6S4,50.9899,-114.1574
T2E 1S6,51.0876,-114.0214
T2N 0W8,51.0621,-114.1159
T2G 3N2,51.0272,-114.0349
T2P 5K3,51.0708,-113.6931
T2N 3X1,51.0621,-114.1159
T2L 1Y3,51.1047,-114.1148
T3S 0A7,50.9153,-113.8932
T2E 0L3,51.0876,-114.0214
T2V 5E7,50.9819,-114.1004
T3N 0R2,51.1626,-113.9537
T3K 0P5,51.1563,-114.0572
T2L 0P3,51.1047,-114.1148
T2T 2V2,51.0242,-114.1004
T2R 0R7,51.0412,-114.0762
T2W 2L9,50.9514,-114.3591
T3G 4G7,51.1387,-114.2015
T3R 0W1,51.2021,-114.2453
T2K 1A2,51.1111,-114.0477
T3J 4P1,51.1188,-113.9471
T2Y 5B3,50.9093,-114.1028
T3H 0J6,51.0419,-114.2
T3H 5X7,51.0419,-114.2
T2T 2W8,51.0242,-114.1004
T2N 0Z7,51.0621,-114.1159
T2K 3P4,51.1111,-114.0477
T3R 1V2,51.2021,-114.2453
T3B 6H4,51.0915,-114.2073
T2T 3P5,51.0242,-114.1004
T3B 6C4,51.0915,-114.2073
T2J 1Y1,50.8476,-114.1958
T3K 0G4,51.1563,-114.0572
T2T 2S9,51.0242,-114.1004
T2T 1W6,51.0242,-114.1004
T2N 0Z6,51.0621,-114.1159
T2T 5Z1,51.0242,-114.1004
T3B 3Y4,51.0915,-114.2073
T3K 5C5,51.1563,-114.0572
T2E 5C3,51.0876,-114.0214
T2Y 0J1,50.9093,-114.1028
T1Y 6N5,51.0823,-113.9578
T3L 2V2,51.1467,-114.3133
T2G 4Z9,51.0272,-114.0349
T2T 0E9,51.0242,-114.1004
T2S 0S8,51.0233,-114.071
T2T 0E7,51.0242,-114.1004
T3G 2R7,51.1387,-114.2015
T2T 0X7,51.0242,-114.1004
T3H 1B8,51.0419,-114.2
T3C 1L6,51.0497,-114.1394
T3B 1M9,51.0915,-114.2073
T2Y 5C9,50.9093,-114.1028
T2G 4Z9,51.0272,-114.0349
T3R 0B8,51.2021,-114.2453
T3A 5T5,51.1264,-114.1419
T2T 3T5,51.0242,-114.1004
T3B 6B6,51.0915,-114.2073
T3K 2C8,51.1563,-114.0572
T3H 1S2,51.0419,-114.2
T3H 3L9,51.0419,-114.2
T3E 7S2,50.9899,-114.1574
T2X 2W5,50.8837,-114.0326
T2X 0J4,50.8837,-114.0326
T3E 2C9,50.9899,-114.1574
T3H 0X5,51.0419,-114.2
T2X 0L9,50.8837,-114.0326
T3K 0P6,51.1563,-114.0572
T2E 2C6,51.0876,-114.0214
T3H 5N1,51.0419,-114.2
T2W 1Z4,50.9514,-114.3591
T3L 0B7,51.1467,-114.3133
T3N 1M5,51.1626,-113.9537
T2Z 0J6,50.9278,-113.9682
T2M 4J1,51.133,-113.856
T2G 2V4,51.0272,-114.0349
T2Z 2S4,50.9278,-113.9682
T3M 2W8,50.8796,-113.9555
T2R 0Y9,51.0412,-114.0762
T2V 2B1,50.9819,-114.1004
T3B 1H1,51.0915,-114.2073
T3H 5T4,51.0419,-114.2
T3K 6C5,51.1563,-114.0572
T1Y 6Y2,51.0823,-113.9578
T2E 6X3,51.0876,-114.0214
T3N 0E1,51.1626,-113.9537
T3M 1S9,50.8796,-113.9555
T2Z 3T3,50.9278,-113.9682
T2T 4V2,51.0242,-114.1004
T2E 0V7,51.0876,-114.0214
T3R 0J6,51.2021,-114.2453
T3C 0M9,51.0497,-114.1394
T2G 3P9,51.0272,-114.0349
T3L 0C3,51.1467,-114.3133
T3K 5C6,51.1563,-114.0572
T2K 1L5,51.1111,-114.0477
T2X 4C2,50.8837,-114.0326
T2X 0M6,50.8837,-114.0326
T2T 2S8,51.0242,-114.1004
T2X 4E9,50.8837,-114.0326
T3C 0P1,51.0497,-114.1394
T2V 5J2,50.9819,-114.1004
T2N 0C4,51.0621,-114.1159
T2T 1W7,51.0242,-114.1004
T2X 0N2,50.8837,-114.0326
T2E 3J3,51.0876,-114.0214
T3E 7M7,50.9899,-114.1574
T2N 3J7,51.0621,-114.1159
T3E 7V5,50.9899,-114.1574
T2X 2G7,50.8837,-114.0326
T3H 6B5,51.0419,-114.2
T3H 6B5,51.0419,-114.2
T2P 0S9,51.0708,-113.6931
T1Y 1B7,51.0823,-113.9578
T3K 3L1,51.1563,-114.0572
T2Z 4N1,50.9278,-113.9682
T3C 1V3,51.0497,-114.1394
T2S 3A1,51.0233,-114.071
T3R 1R9,51.2021,-114.2453
T3E 2E7,50.9899,-114.1574
T2X 2B9,50.8837,-114.0326
T2V 3Z1,50.9819,-114.1004
T3H 5X4,51.0419,-114.2
T3P 0V3,51.2074,-114.1348
T3E 0T9,50.9899,-114.1574
T2T 0T3,51.0242,-114.1004
T3K 0M1,51.1563,-114.0572
T2V 4E9,50.9819,-114.1004
T3H 0E3,51.0419,-114.2
T3E 2K3,50.9899,-114.1574
T2B 2C6,51.0209,-113.981
T3K 4Y4,51.1563,-114.0572
T3E 2E8,50.9899,-114.1574
T2M 0R3,51.133,-113.856
T3K 5K8,51.1563,-114.0572
T3H 5M1,51.0419,-114.2
T2K 0N9,51.1111,-114.0477
T3A 0L9,51.1264,-114.1419
T2Y 4V7,50.9093,-114.1028
T2G 5P9,51.0272,-114.0349
T3N 0B8,51.1626,-113.9537
T2N 1T9,51.0621,-114.1159
T2E 1V5,51.0876,-114.0214
T3H 3N7,51.0419,-114.2
T2P 0E7,51.0708,-113.6931
T2R 1L2,51.0412,-114.0762
T3B 1K5,51.0915,-114.2073
T2T 1R3,51.0242,-114.1004
T2T 6L5,51.0242,-114.1004
T3K 5G2,51.1563,-114.0572
T3E 4S2,50.9899,-114.1574
T2C 0Z2,50.987,-113.9634
T2A 5E6,51.0494,-113.9564
T2N 3T5,51.0621,-114.1159
T2T 3G2,51.0242,-114.1004
T2S 0E8,51.0233,-114.071
T2R 0H7,51.0412,-114.0762
T2L 0P7,51.1047,-114.1148
T2E 3H3,51.0876,-114.0214
T3M 0G6,50.8796,-113.9555
T3C 3K7,51.0497,-114.1394
T2J 7G6,50.8476,-114.1958
T3J 5A9,51.1188,-113.9471
T2K 0N3,51.1111,-114.0477
T2Y 4P2,50.9093,-114.1028
T2B 1G8,51.0209,-113.981
T2X 3P4,50.8837,-114.0326
T2N 3N5,51.0621,-114.1159
T3G 0C5,51.1387,-114.2015
T3C 0A2,51.0497,-114.1394
T2N 2Y6,51.0621,-114.1159
T2B 3G8,51.0209,-113.981
T2A 1A4,51.0494,-113.9564
T2C 5P5,50.987,-113.9634
T3R 1J1,51.2021,-114.2453
T1X 0L5,51.0334,-113.8187
T1Y 2T2,51.0823,-113.9578
T2E 8G7,51.0876,-114.0214
