postal_code,walk_score,bike_score,transit_score
T2G 0G3,91,92,77
T3M 0A8,36,63,40
T2T 3E9,90,82,66
T2J 7H1,53,68,32
T3L 1Y4,39,61,41
T3H 1W8,29,70,52
T3H 4N7,3,43,33
T2T 2X6,48,77,48
T2Z 4M9,3,41,37
T2X 1B1,54,78,48
T2T 3J7,42,86,47
T2Z 2K1,21,69,33
T2L 2G3,40,70,57
T3H 0L6,49,64,34
T3K 5L9,52,58,55
T2X 1B3,46,75,49
T3H 4K7,25,72,54
T2B 0S6,46,77,46
T3C 2P6,38,81,38
T3H 3L7,63,72,46
T2V 2P7,50,87,61
T3H 1M3,45,71,39
T2Z 1B9,33,71,45
T3B 2K7,36,76,41
T2Y 5E6,32,86,35
T3B 5X3,2,51,27
T2M 0T9,62,87,58
T2R 0V6,93,94,75
T3B 4N9,28,68,33
T2V 0C6,65,79,46
T2W 0K6,63,63,59
T3B 0L6,0,26,26
T2W 0R6,41,63,62
T2Z 4Z2,49,63,44
T2A 2R1,57,55,49
T2C 2C6,25,49,39
T1Y 3Z4,72,77,63
T2M 0S7,79,99,64
T2W 2K3,25,66,55
T3H 4V2,5,48,29
T2Z 2R8,13,61,38
T1Y 6W5,28,62,42
T3H 0V8,25,50,44
T3N 0R6,0,26,18
T3A 5Z8,31,28,40
T3B 4X5,5,48,39
T2Z 2C9,21,58,40
T3R 1L1,53,60,36
T3R 1R4,39,60,40
T3P 1L3,0,30,0
T2M 1E6,69,97,54
T2W 4E5,19,67,34
T3C 1G4,87,90,64
T2P 0C3,93,95,77
T2E 0J9,69,98,63
T2S 2R2,64,78,54
T3E 1Z6,55,79,49
T3B 5P8,14,70,27
T3K 1L7,36,69,54
T2Z 4B3,63,83,48
T3M 0N4,36,65,40
T3L 2M2,21,58,54
T2M 1W1,52,91,58
T2C 5G5,31,72,43
T3K 1R8,15,50,43
T3K 4P4,16,55,37
T2X 1N2,35,65,44
T3B 0R1,60,90,48
T2Z 0R3,9,54,28
T3B 4P4,11,65,49
T2G 5R4,33,87,54
T3B 5T9,12,40,27
T2J 1X3,25,59,29
T3H 3T1,46,59,45
T3E 3G3,58,67,49
T2M 0X5,79,99,60
T2J 3H3,27,71,35
T2Z 3V2,64,85,49
T3R 0W5,25,55,41
T2Z 3R1,11,65,41
T2K 0J7,28,66,41
T2E 0M3,68,76,53
T2S 1H3,68,80,51
T2E 1Y2,77,85,53
T2M 2V9,74,99,58
T2A 1J1,67,62,55
T2X 1K1,22,61,37
T2S 0Y6,28,77,44
T3H 1J8,45,71,39
T3A 5V9,17,24,35
T2K 4L9,37,57,58
T2W 4H4,14,39,30
T3C 2L3,58,81,61
T2A 4H6,43,68,44
T2E 1B2,77,86,52
T3A 0W8,62,85,66
T2X 3V7,30,67,34
T2R 1S4,92,95,74
T1Y 3R8,58,71,47
T2T 6H4,71,77,51
T2T 1V5,37,85,46
T2W 4V2,25,64,39
T3M 0M5,36,60,40
T3N 0C4,6,38,34
T2E 1L9,83,82,56
T3J 3H9,55,76,60
T3C 3H1,32,82,42
T2W 3L3,50,74,35
T3H 0Y7,36,63,44
T2S 2G5,86,98,59
T3L 1T1,53,74,58
T3B 3W5,24,74,35
T2J 2C7,16,68,44
T3H 0P3,43,64,30
T3H 2W3,40,58,46
T2K 0E1,46,76,47
T3A 2M7,61,93,50
T2A 5Z8,53,73,48
T2C 3W9,41,74,48
T3P 0L4,0,30,0
T2T 3T2,85,83,49
T2S 0W7,18,81,52
T3H 0L8,30,57,49
T3B 1C4,52,86,49
T2E 0K6,75,97,65
T3K 1R4,19,50,43
T2T 6P2,66,81,50
T3C 2Z1,40,82,55
T3N 0N7,0,26,18
T3A 5H4,25,60,39
T3P 0Z1,0,30,0
T2N 0T1,45,88,49
T1Y 3H5,61,77,62
T3E 6H5,31,77,37
T3K 2N3,N/A,N/A,N/A
T3M 3E9,8,55,35
T2Z 1V9,27,60,40
T2R 0X4,95,95,76
T2Y 4W6,35,67,34
T2W 0E1,19,64,43
T2T 4P1,62,80,47
T2G 1H8,82,90,78
T2S 0J9,72,97,58
T3L 2A4,44,73,31
T2Z 4R2,4,57,27
T3P 0H4,0,30,0
T3H 5X5,10,56,24
T3H 0V2,13,38,34
T2W 4Z8,26,61,34
T2Z 5E3,1,42,28
T1Y 4N4,24,66,36
T3H 0G2,21,38,43
T2Y 2N9,37,68,51
T3A 6E8,0,26,42
T3C 1P7,60,92,45
T3K 4C4,65,73,41
T3P 0B7,36,58,35
T2A 2B3,49,59,53
T3E 2C6,61,87,54
T3H 5V2,29,62,35
T3K 4M4,66,75,41
T2N 2K6,74,95,64
T2X 0V5,12,45,38
T3J 0G8,54,76,63
T3B 6E8,28,67,39
T1Y 6B1,33,70,57
T3K 5X5,35,68,50
T3G 5L9,23,61,36
T2Z 2K8,17,64,37
T3J 4S6,56,74,63
T3G 5W7,54,68,36
T2Y 3S1,24,62,50
T2Y 0C2,14,67,35
T3E 0Z1,50,65,51
T2N 4K1,77,10,65
T3E 6N5,30,67,48
T3M 2X7,37,71,38
T3M 2L5,8,55,34
T3M 1L7,8,55,34
T2Z 4P4,48,90,42
T2S 0H6,85,95,51
T3K 3J4,16,57,36
T2X 0W4,12,45,38
T3K 4B1,46,67,42
T3B 0M1,1,22,27
T2V 3C8,57,82,60
T3H 2A3,37,67,55
T2Z 0C8,14,66,31
T3C 0W3,90,98,65
T3E 2C4,59,89,56
T3A 6K1,0,32,37
T3M 0S7,21,34,36
T3H 3T8,14,54,52
T3B 0P1,59,90,43
T2C 0S9,48,53,44
T3K 5R2,4,32,29
T2Y 4Z4,16,42,33
T3L 2M1,4,49,22
T2N 1Z8,85,10,63
T2S 2P4,56,85,55
T2S 3B6,55,86,58
T2T 4E1,38,80,40
T2M 1R6,72,99,60
T3E 1W8,58,92,61
T2P 5G8,85,95,76
T2M 2A9,48,89,52
T3H 4M8,21,55,36
T3L 2J9,19,61,55
T2R 0R5,96,97,72
T3K 4S2,56,72,54
T3J 0G1,24,70,52
T2E 5P9,45,86,43
T2S 0M4,72,97,57
T2M 1E2,60,90,51
T3M 0R9,13,36,34
T2G 1L7,72,92,78
T2M 1C2,77,86,56
T2X 2A6,12,45,38
T2Y 4N5,11,34,27
T2Z 5C9,2,42,28
T3G 0G8,35,70,37
T2B 3V2,22,42,42
T2P 1P1,83,88,78
T3K 1N2,41,65,53
T3H 2W9,51,72,46
T3A 5S8,5,27,37
T2M 4V2,34,85,51
T2Y 4M4,46,70,39
T2W 1K1,34,66,57
T2T 4V9,63,80,58
T1Y 2Z8,36,76,54
T1Y 5N7,36,71,42
T2K 2C3,35,75,45
T3L 2B1,46,71,56
T3R 1L6,41,57,39
T3H 5M9,40,64,57
T2G 0S3,77,90,77
T2V 4R8,49,89,54
T2T 6C2,61,81,45
T3K 0K8,68,67,53
T2R 0R8,95,97,71
T2A 6M2,36,60,46
T2S 0X1,11,83,54
T3A 5W3,3,45,39
T3L 0C6,5,53,22
T3G 5A3,13,50,34
T3C 3X6,18,51,51
T3M 0R3,31,54,38
T3H 1L2,28,70,48
T2N 0R5,84,99,64
T3P 0G7,23,60,33
T3H 2B5,38,72,44
T2E 3W3,81,82,57
T2E 3W8,79,78,54
T2G 0T9,44,74,56
T2X 0N1,16,34,39
T2A 6R8,25,60,40
T2L 1C9,29,60,48
T2Z 0B9,16,64,33
T2W 1C5,30,61,35
T2V 4N4,68,80,47
T3H 3N6,1,23,38
T2X 4C8,6,45,25
T2L 1T7,56,70,44
T2B 0K6,18,76,39
T2V 1G8,59,78,61
T2B 2B8,17,55,42
T2B 2L4,20,45,41
T3J 4S8,50,72,60
T3H 0A8,21,51,28
T2M 2K4,58,84,52
T3H 0W3,25,50,46
T2N 2E1,66,85,65
T3P 0C2,36,57,35
T2M 1A9,78,97,62
T3J 4S5,10,62,49
T2Z 2C5,22,65,41
T1Y 2R7,37,67,43
T3K 0M2,38,65,50
T3E 4Z5,43,67,47
T3H 5J1,44,76,36
T2L 1S3,54,71,58
T2J 6B9,13,54,31
T2H 1N9,66,81,59
T3C 2M2,19,77,58
T2M 4H9,31,83,55
T2X 4G3,12,45,38
T2B 1W6,27,85,43
T3A 6J8,15,38,39
O0O 0O0,0,4,N/A
T3H 1Z3,15,68,38
T2G 1B7,40,87,54
T2T 0H1,93,86,66
T3M 0T5,40,73,38
T2J 6N3,51,63,32
T3A 2V9,59,91,44
T3M 1X4,8,55,34
T2T 1C4,60,84,46
T3M 1V2,1,61,35
T2B 3C2,18,36,42
T2S 3E7,79,98,58
T2C 5M7,15,64,39
T2R 0K3,94,95,75
T2Z 4W1,5,40,35
T2R 1S6,89,96,72
T2P 5M5,86,99,69
T3C 1W8,65,85,55
T2E 4H1,69,97,53
T2R 0W8,94,94,76
T3E 5Y7,12,53,37
T2R 1A6,95,96,71
T3K 4R9,37,71,48
T2Z 0B8,17,48,44
T2Y 3A2,26,64,45
T3H 3V2,9,56,36
T2Z 1J2,1,51,26
T3H 5N5,1,36,26
T2R 1K6,91,97,67
T2H 0V8,41,59,53
T2P 4Z9,91,95,77
T2T 0W1,50,85,51
T3C 2L1,61,82,60
T2J 1A8,43,66,30
T2J 3H1,31,71,34
T3M 0V5,26,66,38
T2X 3R3,16,46,28
T3M 1E4,11,60,35
T2N 0K4,51,90,53
T3K 4W3,50,75,49
T2J 0T3,63,63,50
T2N 1E4,36,84,59
T2W 3K3,35,72,36
T2L 2L5,66,86,65
T2J 0B8,44,69,31
T2Z 2T2,18,65,34
T3C 0X9,87,89,60
T3N 0T9,7,41,33
T2V 0A6,68,81,44
T2G 0C7,82,90,75
T3L 0A3,20,65,34
T2Y 3L5,22,63,60
T3E 1V9,50,81,55
T3H 1R3,26,69,49
T3E 2Z5,64,81,56
T3K 5V3,25,64,48
T3G 4C9,40,54,34
T2N 3R7,53,90,54
T3G 1Z3,57,73,47
T2B 1C3,59,61,54
T2Y 4X1,23,65,32
T2X 2C8,3,24,N/A
T2P 4X2,79,95,73
T3N 1M6,11,44,34
T2R 1R3,91,97,65
T3H 3G7,52,60,45
T3G 3X3,25,61,39
T3P 0Z8,0,30,0
T2X 3G2,4,39,29
T3H 1E4,40,74,37
T2E 4W3,64,77,40
T3E 6Z4,27,63,45
T3M 3B1,8,55,34
T3K 5H4,37,66,47
T2X 3X2,21,56,34
T2J 1M5,43,68,35
T3G 5T2,18,53,46
T3E 8A9,34,74,52
T2H 1C2,46,80,48
T3M 0L1,8,42,37
T3C 2R3,39,79,37
T3P 1J4,0,30,0
T3H 4S1,51,77,38
T3J 5N3,3,55,30
T2V 2L4,57,89,62
T3E 6N7,64,81,44
T2C 0Z3,34,70,47
T2B 0E4,53,77,47
T2W 5P6,29,45,25
T3H 0L1,11,71,56
T3H 3S3,37,73,38
T2M 2C7,68,85,53
T2W 0A4,49,57,59
T2R 1S2,93,96,73
T3G 1V6,41,65,37
T3N 1T2,0,26,18
T3G 5Y4,31,46,29
T3B 0H8,45,67,41
T2Z 3Z2,39,64,44
T2J 1R7,22,60,29
T3A 2C9,61,91,44
T2R 0S5,90,94,68
T2N 0R9,86,99,65
T2L 1H5,63,92,66
T2X 3K4,25,64,32
T2C 4C4,40,68,39
T2S 1Z5,37,69,50
T3A 2H9,18,60,40
T2P 0V2,94,94,78
T3E 7R6,36,76,48
T3H 5Y1,58,64,32
T2T 6E9,43,68,46
T2M 1B3,79,99,58
T3R 0W7,0,38,0
T3G 5H1,24,50,56
T2Z 0S4,94,91,79
T2X 4J8,12,45,38
T3J 4A5,36,68,63
T3N 1H1,0,26,18
T3B 5B7,20,68,45
T2P 3P3,93,96,77
T2A 6H3,20,56,43
T3M 1V1,8,55,34
T3G 2A4,21,60,40
T2P 5N6,91,96,76
T3H 3J6,7,31,37
T2T 4V8,52,80,45
T2E 5J2,35,86,36
T3M 1Z3,8,55,34
T2V 0P7,71,72,62
T2J 7J1,37,78,54
T2X 3K8,22,63,30
T2A 1H1,68,62,54
T1Y 1X2,27,68,57
T2Y 5B1,7,62,33
T2R 0L5,89,96,71
T3H 2W7,26,58,40
T2E 7X3,31,59,38
T3M 2S6,8,55,34
T3K 6C4,38,65,50
T3E 7T1,28,77,48
T3P 0Y1,0,30,0
T3G 0C2,22,53,46
T3L 2T6,26,75,23
T3K 6K1,29,58,43
T3K 0B1,6,31,36
T3H 1K3,34,72,36
T3H 1L6,35,74,36
T3H 3C4,39,66,44
T2E 3S7,81,79,63
T2A 0W6,41,57,50
T3B 5Y1,1,38,23
T1Y 1Z4,41,75,41
T3B 6H5,35,86,55
T2T 1J3,54,81,45
T3M 2B6,8,55,34
T2A 6E1,66,69,61
T3A 1P1,31,70,43
T3E 4Z6,43,71,47
T3M 2L7,8,55,34
T2J 0A3,62,63,54
T2Y 4N1,8,39,27
T2W 1R2,22,54,54
T2W 4Z5,28,55,27
T3M 1H1,26,67,36
T2E 0V6,84,93,53
T2L 1P2,44,84,57
T3K 4V6,8,44,29
T3M 1T3,26,65,39
T2X 0V2,5,54,29
T3R 0J9,3,38,0
T3M 0Z8,40,70,37
T3A 6B4,26,21,36
T3P 0N7,0,30,0
T3H 3G6,52,60,45
T3J 3Z2,19,61,46
T3K 6L7,67,86,44
T3G 5G6,25,47,54
T2L 2L6,65,91,65
T3K 5Y2,39,62,53
T3E 2L8,64,88,60
T3L 1X5,14,65,37
T1Y 3Y7,57,78,49
T2M 2C2,36,86,58
T2X 4A8,12,45,38
T2J 6M1,46,59,32
T2V 1V3,63,78,42
T3H 4K1,24,56,52
T2E 4M2,68,98,51
T3E 1A2,55,63,48
T2M 2X4,76,99,57
T2J 1H2,60,73,51
T2Z 3S6,55,81,46
T2N 4S8,88,99,64
T2J 2X4,22,62,34
T2P 0G9,93,96,77
T3M 0L4,31,54,37
T2X 0J6,17,64,35
T2Y 0H7,61,67,33
T2J 4T3,48,68,33
T3E 3H4,58,69,48
T2X 4H9,N/A,N/A,N/A
T3P 1H9,0,23,17
T2G 0B5,87,94,76
T2H 3A1,72,79,63
T3H 2L4,26,67,35
T3J 3Y2,7,55,36
T2T 2G3,63,81,44
T3P 0P3,13,55,34
T3N 0N4,N/A,N/A,N/A
T2Z 0G3,17,44,42
T2Y 0L1,6,45,30
T2T 6X9,51,77,47
T3H 4B4,19,65,38
T3E 1J7,28,76,49
T2P 0G8,90,94,81
T2R 0H1,95,95,76
T3G 4Z5,9,58,36
T3M 0L9,40,71,39
T3J 0W2,7,66,40
T2J 4Y5,19,53,30
T2B 2E4,9,55,42
T2X 1J1,27,63,43
T2W 5T9,16,64,25
T3M 0Y2,8,58,38
T2M 1N5,60,81,52
T3N 0N1,9,47,34
T3H 2W6,26,55,55
T3H 1G9,39,64,37
T3R 1M6,15,50,38
T2T 2M1,58,80,44
T2X 0T5,7,47,31
T2X 0P4,17,49,40
T2B 1V7,33,70,48
T3P 1B4,47,55,37
T1Y 6W2,34,65,41
T2T 0M3,49,85,53
T3A 0H3,43,78,57
T2X 2E9,12,45,38
T3R 0R6,9,36,30
T3E 2P9,71,91,59
T3K 4S6,71,67,56
T3N 0C9,11,43,34
T2X 1Y7,12,45,38
T3G 1Z6,54,59,44
T2X 4C4,10,35,26
T2G 1B5,40,87,54
T3R 0S3,0,38,0
T2P 1J3,94,94,78
T3M 2C3,2,28,22
T2N 1Z3,83,10,68
T2Z 3Z6,49,72,47
T3A 5Z9,30,23,36
T2X 0A6,22,61,32
T3M 3A6,8,55,34
T2R 0N3,95,97,71
T3H 5H3,7,53,27
T3G 4M5,34,66,34
T2Y 4V6,6,48,27
T3M 1T2,8,55,34
T2X 3A7,10,45,38
T2V 5E4,24,50,43
T3A 2M9,59,91,49
T2T 2P3,37,78,40
T3E 5G8,34,88,48
T3R 0P6,14,47,34
T3H 2Y5,10,59,38
T2L 2C7,66,95,62
T2P 3R8,83,93,76
T2K 4E4,43,67,57
T2A 3X9,59,67,47
T3B 4R8,29,73,37
T3R 0P5,18,48,37
T2B 1V1,37,60,48
T2G 4K5,48,83,53
T2K 2X9,58,68,54
T2Z 3V3,60,85,47
T2R 0J6,90,96,73
T3E 7W8,71,90,57
T2H 0Z7,48,62,56
T3M 1R3,8,55,34
T2Z 0E3,37,73,46
T3M 1H6,15,66,36
T2A 5E4,54,61,54
T2Z 2T3,10,55,35
T2H 3B3,67,77,58
T3M 2L9,8,55,34
T2J 4P8,13,65,34
T2S 0R6,64,93,45
T1Y 2E1,47,78,43
T2N 1R4,61,95,65
T1Y 4X6,43,74,59
T2B 3J8,19,56,41
T2V 1N3,38,79,51
T3H 4K2,18,53,51
T3E 5R3,48,90,51
T2J 1H5,56,74,50
T2R 1B5,92,94,78
T2E 4N5,68,95,51
T3J 3Y6,7,56,38
T1Y 7A3,38,65,42
T3J 3E1,39,69,59
T2V 0W2,42,72,58
T3B 6G3,0,33,23
T2Z 4B7,41,67,46
T3M 1Y3,8,55,34
T2N 0E1,71,98,65
T3B 0Y9,54,64,50
T2T 4M9,53,78,50
T2M 1S4,65,83,52
T2T 1A5,49,81,48
T2C 4G7,25,70,39
T3J 1A9,41,66,44
T1Y 5R1,41,70,39
T2H 1N1,62,83,61
T3M 0E1,22,45,37
T2J 0K1,51,72,41
T2R 0P2,90,97,68
T3H 0E4,61,66,32
T3L 2S4,11,52,50
T2X 0Y4,12,45,38
T3A 6M1,7,9,37
T3K 4Z1,54,72,42
T2R 1A7,95,96,71
T3R 0K2,16,47,37
T3R 0C8,10,43,30
T2K 0W8,36,80,53
T2X 3J2,15,38,36
T2E 0P9,81,96,52
T2T 4K1,70,85,51
T3K 5Y9,78,77,49
T3K 5A3,44,66,45
T3G 0E9,35,70,35
T3G 0G1,21,61,33
T2E 5B9,39,73,45
T2K 0G5,29,81,44
T2E 0P3,72,99,57
T3M 0R6,13,36,34
T3G 0A7,49,72,36
T1Y 4W8,67,77,62
T3H 5N4,1,54,26
T3A 6G8,17,46,33
T3R 1N3,23,55,38
T3L 1Y6,40,72,57
T3A 5L5,15,50,37
T2T 0M1,52,96,59
T3H 2R3,17,77,59
T3R 0M8,19,49,38
T2M 4L4,78,86,55
T3H 6C2,25,50,44
T3A 1A3,64,88,56
T2Z 2G5,12,40,40
T2Z 5B9,12,65,28
T3M 2Z3,8,55,35
T2Y 4J3,53,43,59
T3K 0H4,34,61,48
T2L 0X9,66,95,65
T3J 0R7,12,68,51
T2J 6H6,28,52,34
T3C 0T9,82,91,62
T2E 1A8,82,84,52
T2X 4E7,12,45,38
T2X 2C3,1,50,21
T3M 0H3,8,37,35
T3K 0V4,53,62,40
T3B 0H1,56,81,40
T3G 5K6,27,41,52
T3K 0E8,49,71,48
T2X 2M3,19,49,42
T2S 0H1,88,98,52
T3M 0S5,31,54,37
T3K 6B7,33,58,48
T2E 1W7,80,84,55
T2R 0P4,89,96,72
T2R 0P6,93,94,74
T2E 5A9,75,96,73
T3H 4Y3,5,55,24
T3H 3H7,38,70,44
T2T 3Y8,79,85,50
T3C 3K4,56,84,42
T2L 1L3,62,82,61
T2S 2V2,72,97,57
T3H 5V5,45,67,54
T2A 2N4,60,56,47
T2X 0M4,4,50,28
T3B 3X1,24,71,38
T3E 5S8,14,60,46
T2Z 2B6,27,67,42
T2K 3R1,61,89,52
T3A 5M4,16,62,38
T3H 0C8,34,60,30
T2N 2V1,49,77,58
T2E 2K2,34,78,46
T2W 1C3,39,67,41
T3G 5V8,29,67,23
T2T 1H5,53,75,48
T2L 1C1,20,67,53
T3C 0T1,90,97,69
T3E 7H4,62,71,49
T3H 0X1,25,50,44
T2Z 4W5,42,77,46
T2J 6R2,46,70,33
T3H 4Z1,24,70,53
T2P 0E6,91,95,77
T2K 0W6,37,79,52
T2T 1P6,48,78,46
T2V 3G1,42,82,52
T2M 4X8,72,95,59
T3N 0S8,0,26,18
T2Y 5H1,36,54,33
T3M 1N9,9,60,33
T3J 2R3,43,68,50
T2Y 3R3,7,60,33
T2P 5G4,91,96,76
T2M 0A4,77,82,54
T2S 2T3,78,98,56
T3P 1K6,0,30,0
T3C 3K3,56,84,41
T3N 1R3,0,26,18
T3G 3N3,31,59,40
T2E 1X5,63,88,48
T3P 0E1,31,61,34
T2Z 2H9,15,56,38
T3B 5M1,16,56,24
T3C 3H3,20,81,42
T3J 1H8,40,68,44
T3G 0E6,52,72,36
T3G 1P2,32,68,40
T2V 0H4,66,81,55
T3H 3B5,26,68,54
T2E 1P8,81,84,54
T3J 4W2,58,74,64
T3G 3H4,10,59,38
T3G 3C9,32,64,37
T2E 0N4,79,78,54
T3M 2V3,8,55,34
T3C 0N9,67,85,64
T3P 0V9,0,30,0
T2Z 4G7,54,78,49
T3B 0P4,64,91,44
T2V 3N9,30,76,33
T2E 4B7,76,92,63
T3E 2X2,63,69,51
T2J 6P4,25,61,31
T2A 5P9,44,72,44
T3H 2N5,53,82,39
T3G 5G4,19,47,33
T2R 0N7,93,96,72
T3L 2X3,14,68,34
T1Y 5H9,37,74,59
T2Z 5E5,15,67,32
T2G 1S2,26,57,38
T3A 2C5,22,51,26
T3E 6T6,61,79,47
T2A 5M8,26,68,41
T2J 7J4,37,78,54
T3E 2X4,71,90,57
T1Y 1R8,37,70,54
T3B 2T2,45,77,41
T3R 1N8,18,55,39
T2E 6B4,57,72,38
T2T 0L4,84,83,52
T3N 0M9,8,48,34
T2L 2G8,42,77,40
T2M 1K4,57,94,50
T2Z 2G3,15,42,41
T3J 3L8,28,65,44
T1Y 6W7,27,62,41
T2Z 3K6,34,52,44
T2Y 1A6,76,79,55
T2T 2P6,45,76,45
T2T 2V1,33,79,43
T3H 4B9,38,77,40
T2X 1S8,39,72,53
T3L 2K2,65,77,60
T2Z 2Z2,44,71,45
T3J 5G3,39,67,52
T3G 5N1,39,69,27
T2K 2T1,58,73,52
T2Z 1B2,37,66,38
T2V 0E8,64,78,46
T2W 5P8,25,63,25
T1Y 3H7,46,68,58
T2J 2C4,41,73,48
T2T 3A2,43,75,48
T2A 1A7,54,66,59
T3G 5K7,26,40,52
T3C 0W5,80,89,64
T3L 2L5,18,55,55
T3K 5Z3,76,77,51
T2R 0B5,93,94,76
T2L 0Y2,44,87,54
T2W 0J7,46,70,58
T2T 6H2,89,83,53
T2V 4J9,19,64,28
T2T 2S6,39,75,43
T2W 3E5,33,58,33
T2R 0S2,94,96,69
T3N 1T3,0,26,18
T2V 3L5,32,52,51
T3J 3V7,21,61,47
T3B 4T7,25,63,51
T2T 1K5,61,77,52
T3E 3T8,42,59,45
T3B 1Y4,41,78,40
T2T 0L1,85,81,50
T2E 9C8,72,99,57
T3N 0P1,2,51,38
T2E 5W2,51,71,46
T3H 4Y6,3,43,33
T2N 1A5,43,66,49
T3A 2B4,73,81,61
T2Z 5A9,2,47,27
T3K 5W6,35,68,50
T3N 1P7,0,26,18
T3M 2A2,8,55,34
T2A 6X5,N/A,N/A,N/A
T2Y 3X8,19,35,33
T2E 5E7,45,83,44
T2Z 1G1,48,78,46
T3G 1K4,23,55,41
T3J 3P1,34,68,60
T2X 0P9,8,49,31
T3N 1E6,0,26,18
T2N 2G6,52,92,57
T2J 0T1,67,85,53
T2M 4E4,62,92,60
T1Y 3W3,58,71,47
T2M 1M2,79,99,58
T2J 6V9,10,57,33
T2E 0M9,80,96,61
T2N 1C9,28,61,57
T3H 0N1,38,71,33
T2T 4M8,53,78,50
T2S 2W7,46,86,55
T3J 1E1,58,77,51
T2T 2B7,63,81,44
T2A 2J5,38,73,50
T3E 1W1,51,79,52
T2E 2B3,66,81,52
T2Y 2Y6,19,66,43
T3B 5L5,14,60,23
T3M 3C8,8,55,34
T2Z 0N9,19,69,30
T3B 4V7,16,79,45
T3A 5L9,12,59,37
T3C 1J2,52,92,58
T3M 0T8,26,66,38
T2Z 1C5,18,66,29
T2X 3S7,38,67,32
T2E 4E1,51,92,64
T2Z 1J7,48,76,45
T2V 4S9,46,75,39
T3K 1B8,26,60,50
T2Z 2T6,17,67,32
T3K 2E8,18,58,43
T3M 2H6,32,73,40
T2K 0B4,32,83,52
T3H 5Y4,24,52,46
T2Z 5B4,4,45,28
T3H 4G2,2,12,24
T3E 1W3,51,79,52
T3M 0M9,20,43,35
T3B 1W7,32,73,39
T2R 0Z7,95,97,72
T2X 3L9,16,51,29
T3N 0L5,0,26,18
T3H 6A7,25,50,44
T3H 2Y7,24,62,55
T3G 4W3,16,62,35
T3N 0W7,0,26,18
T2W 2M6,25,34,52
T3C 1N2,66,92,58
T2X 4G1,12,45,38
T2E 0S6,41,88,37
T2T 1Y9,66,82,45
T3M 0R7,9,39,35
T3H 0T7,25,50,46
T3G 4K3,71,72,58
T2K 5W9,58,79,51
T2T 5S3,67,83,49
T2E 1R4,75,88,51
T3E 5W8,26,72,50
T3M 2L6,30,73,38
T3B 5B6,22,79,48
T2T 4A6,51,81,41
T3E 5N6,43,88,45
T3J 4R5,45,64,58
T3J 4K9,10,60,43
T3E 1K8,26,75,46
T3L 2V9,17,71,23
T2Y 0C6,33,69,34
T3A 2E5,63,89,61
T3B 2E5,50,83,46
T2E 1T3,79,85,54
T2K 2X4,58,73,52
T3K 4W8,59,73,42
T3K 4V3,13,61,41
T2A 3B4,56,68,54
T2E 4P6,63,93,55
T2N 2K7,74,95,61
T3H 3A7,40,62,43
T3H 0N3,15,34,37
T3B 1M2,15,38,39
T3E 3J9,52,66,48
T3K 1M8,48,65,56
T2T 1H3,51,74,48
T1Y 7E9,28,64,39
T3C 0X7,89,94,63
T2J 6H9,8,64,32
T3P 0L8,0,30,0
T2Z 0X5,19,69,30
T3L 1C2,56,76,55
T2T 5P8,57,82,43
T3B 0A7,53,88,50
T3L 2S7,12,58,34
T3K 1S9,12,57,42
T2J 0X3,39,65,36
T2N 5B2,93,99,73
T2V 1S2,33,69,32
T2E 4C7,41,88,41
T2T 5L3,55,75,44
T2R 1E3,89,96,72
T2R 1S5,91,97,70
T2S 2V8,55,91,59
T3M 2J2,8,55,34
T2H 1P6,43,79,48
T2Z 1Z4,4,59,28
T3C 3K9,38,84,40
T2T 2V3,33,78,43
T3G 4B8,14,62,40
T3E 5Y3,13,62,43
T2E 1V2,67,88,48
T2K 3T3,56,53,55
T3H 5X8,47,55,32
T3G 5X1,34,49,29
T3C 2Y8,37,76,48
T3H 5C8,18,70,36
T2E 7A8,61,66,74
T2Z 2H2,16,65,34
T2E 7X9,24,54,34
T2S 0M2,67,95,59
T2W 5J9,43,60,33
T3R 0Z7,5,48,26
T2L 0G9,43,78,48
T3G 5B3,30,43,46
T2X 4E6,12,45,38
T2Z 2M4,8,48,35
T1Y 5L8,43,72,39
T2T 2C6,74,78,47
T2G 1H7,82,90,75
T3B 6C5,9,41,36
T2T 4J2,37,83,39
T3G 4E6,26,39,51
T3P 0M3,N/A,N/A,N/A
T2T 2B2,54,81,42
T3M 2H1,8,55,34
T2Y 0C9,6,61,31
T3E 3S2,44,63,48
T2T 4A4,54,81,42
T2N 0E2,71,98,67
T3N 0B1,13,50,34
T2X 4A6,12,45,38
T3H 4N3,28,64,55
T2V 5J8,42,71,33
T2A 7Z2,21,53,43
T3M 1S7,8,55,34
T3A 6H5,19,45,40
T3H 3B3,29,48,38
T3K 0V8,68,67,53
T3G 2Y1,28,49,36
T2T 4S3,53,78,51
T2N 4N7,70,95,60
T2M 4W2,79,85,54
T3R 0W2,0,38,0
T2N 4H6,81,97,61
T2Y 5A1,66,69,34
T2W 4J4,43,72,57
T2Y 3A6,21,62,44
T2W 3Y5,13,62,30
T3H 0G1,35,65,33
T3J 0Y2,33,67,59
T3H 3H8,30,61,42
T2R 0S8,90,94,67
T3A 6B6,3,21,32
T2X 3R6,60,77,51
T2X 4L3,12,45,38
T1Y 4K4,49,76,53
T3N 0M4,0,26,18
T3P 0J2,0,30,0
T3G 5X3,39,69,21
T2S 1G2,63,87,51
T3J 5M8,2,61,28
T2N 0B5,51,90,54
T3H 4A9,35,64,36
T3N 1H8,0,26,18
T3H 2C6,40,80,37
T3E 4G7,38,69,53
T3E 0R8,65,75,54
T3G 5N2,40,64,21
T3H 0T9,25,50,44
T2M 1R9,64,93,58
T2T 1H4,51,76,47
T2N 0T7,43,86,50
T3C 1M2,56,86,59
T2A 0E3,32,71,58
T3E 2Y5,64,74,53
T2T 2X5,53,85,47
T3E 1W9,52,79,50
T3M 1Z8,8,55,34
T2V 0S2,61,82,60
T2J 7H6,39,78,54
T3J 1W3,37,67,48
T2X 4A5,12,45,38
T3J 5H1,30,66,52
T2A 0G8,56,74,60
T2Y 4J4,48,61,59
T2V 5C1,49,77,36
T2X 3P7,29,64,34
T3E 4H3,44,77,56
T2Z 4R1,14,43,43
T2X 0W6,12,45,40
T2R 0T9,95,93,77
T3R 1K8,55,64,35
T2T 3L8,79,81,51
T3K 1C4,26,60,52
T3P 0H6,0,30,0
T2K 0L9,51,52,54
T2X 0G4,56,52,23
T3H 4X3,5,29,35
T3K 4A5,52,70,40
T3M 3E7,8,55,34
T2N 3H5,60,91,62
T2R 1C2,95,95,76
T3L 2R5,14,57,56
T2E 8R3,65,97,66
T2W 2T6,49,74,55
T2Z 0V5,5,41,33
T2Z 1J4,48,79,45
T3M 2W9,36,43,41
T2J 4K6,28,67,32
T3E 7N2,29,78,51
T2V 2Z8,61,81,62
T3S 0A6,2,53,21
T3G 4L8,15,55,34
T3B 3C2,17,69,47
T3E 2G5,61,87,54
T2R 0P5,90,95,74
T1Y 6L5,27,64,36
T2M 2S7,82,99,58
T3A 2Y1,10,51,24
T2J 3R1,46,69,36
T3N 0V2,6,36,34
T2Z 4Y6,40,67,42
T2E 9B3,52,76,50
T3B 5B3,22,79,50
T2T 0Y9,64,90,52
T2C 1A9,35,74,47
T2A 6N1,33,66,46
T2Y 4W8,23,65,32
T2G 1E1,90,93,76
T2S 0E1,90,98,59
T2P 0G7,90,94,81
T3M 0Z5,40,70,38
T3E 7E9,50,80,48
T2W 2E7,30,63,34
T3R 1T6,0,38,0
T2V 0N6,54,85,53
T3H 1V6,52,70,38
T2X 2L5,7,50,37
T2Z 1C9,62,81,47
T3A 5T3,7,55,34
T2G 5R1,71,89,77
T3H 3E5,30,61,42
T2E 4J1,73,99,59
T3G 4S7,20,54,46
T2Z 0Y1,53,81,47
T3E 3M8,44,59,47
T3M 1M6,6,59,24
T3R 0W6,0,38,0
T3E 3S9,46,74,56
T3B 6A1,1,39,19
T2Z 3S3,51,78,46
T3A 0M6,60,84,55
T3H 4M2,6,68,38
T3B 2H5,43,74,40
T3P 0J9,0,30,0
T2T 3M5,37,76,43
T3R 0X5,0,38,0
T3G 5G7,26,48,54
T2S 1R3,50,90,54
T3K 2W9,23,55,41
T3K 4T1,20,58,33
T2K 1Z5,45,77,50
T2J 6N2,51,63,33
T3J 0V7,33,67,59
T2G 5T7,87,94,76
T3E 3W5,35,83,40
T3K 0H4,34,61,50
T3P 0B8,36,58,35
T3R 1V5,20,53,32
T1Y 3J3,61,77,60
T3J 5B4,37,71,58
T3E 1Y5,58,92,58
T2X 0P2,16,34,40
T2T 3Z2,74,83,47
T3B 1J6,39,67,38
T3R 0P7,0,38,0
T2W 0C1,31,64,46
T2A 0Z4,55,71,61
T2S 1B6,61,89,52
T3K 5H7,59,91,56
T3A 0T5,50,86,54
T2X 3T6,42,70,34
T2E 3W5,79,82,60
T3M 1N2,8,55,34
T2R 1R5,96,97,72
T2Y 4X7,58,74,35
T3P 0V8,0,26,0
T2Z 3X6,35,66,42
T3M 2T2,8,55,34
T2H 2V9,60,85,60
T3J 5C1,54,75,62
T3M 0P6,7,34,32
T3J 0Z6,33,67,59
T3P 0N3,6,53,31
T3E 5X9,15,69,45
T3A 1T6,28,67,42
T3K 5B3,25,62,35
T3C 1X9,62,84,55
T2X 3S5,33,65,32
T3M 2L8,8,55,34
T2N 3B1,27,76,53
T2Z 0T7,64,85,47
T2Z 3H1,19,61,36
T3E 2Z3,68,86,57
T2M 0N5,62,91,58
T3R 0A9,7,46,37
T3M 1K2,19,59,35
T3H 0J3,28,70,32
T3H 3K5,70,81,46
T2Y 0G5,3,29,28
T2Z 1G6,11,66,29
T2A 4H9,43,68,43
T2E 2E2,59,81,52
T3G 5Z5,28,68,30
T3G 5N7,42,66,37
T3P 1B6,40,57,37
T3R 0G1,16,57,38
T2T 2V5,32,75,44
T2B 2W5,19,36,42
T3C 3G9,24,82,43
T2V 2C3,12,53,43
T2W 0K2,62,52,58
T3K 5G3,54,75,48
T2M 2S8,84,98,57
T3M 2V9,8,55,34
T2T 1R1,61,76,47
T2S 0C9,90,98,59
T3C 1Z3,57,83,55
T3E 2A8,59,86,54
T3P 0E3,27,54,34
T3R 7S5,0,38,0
T3B 0R7,48,87,50
T3H 0Y4,25,50,44
T3H 5S9,4,49,24
T2T 3E6,88,80,51
T2P 0W3,82,90,76
T3E 8A5,51,60,N/A
T2L 1W1,54,75,41
T3J 0B8,25,69,49
T3M 0J7,6,34,34
T2W 1P3,48,69,50
T2J 3C8,22,57,33
T2K 1B7,59,74,54
T2Z 4T4,3,40,36
T2V 4X1,46,83,51
T2T 4A3,54,81,42
T3C 0X1,56,90,58
T3B 5N7,26,42,40
T3M 0Y5,41,70,41
T2Z 0B3,42,75,41
T3A 6A5,23,64,37
T1Y 4R1,37,76,41
T2N 2J4,55,91,55
T1Y 4W2,42,73,44
T2P 5P6,93,95,77
T3H 0E6,61,66,32
T2Y 0J7,48,53,29
T3N 1G4,0,26,18
T3G 3R9,28,57,38
T2T 4S1,53,78,51
T2N 3C8,84,99,71
T2H 0X2,48,74,52
T2T 1T6,70,78,47
T3B 1R2,50,71,41
T2N 1A2,37,78,57
T2Z 3L1,29,59,48
T3E 5C1,39,70,50
T3M 0C3,38,69,37
T3G 4J9,34,51,33
T2Y 3X7,8,31,32
T2J 7G4,41,72,53
T3C 3X5,18,51,51
T3H 5H2,20,60,40
T3C 0N5,80,99,62
T3B 6B4,1,38,27
T2T 2M8,58,80,44
T2N 3B8,26,80,53
T2V 4A7,52,63,54
T3E 8A9,35,75,51
T2J 0T9,45,66,52
T2V 0V7,55,83,63
T2T 4S5,50,77,53
T3L 2Y4,7,47,30
T3G 5G3,45,61,45
T3K 0K3,35,41,40
T2J 2N7,35,64,31
T3A 2X8,10,51,24
T3E 8A2,47,73,43
T2G 4N5,22,57,39
T2V 1M7,52,86,57
T2R 0M2,93,94,74
T2K 1K3,46,66,53
T3A 5N6,17,51,38
T2J 7H3,40,79,54
T3P 0R3,0,30,0
T3H 0G3,27,72,54
T2Y 2Z1,39,75,52
T2K 4H1,39,70,57
T2N 0E6,89,99,71
T1Y 4G9,44,76,51
T3G 3Y3,24,65,39
T2E 0M4,60,88,48
T2N 0H3,47,88,49
T2S 1T4,65,96,53
T3A 2E6,62,87,63
T3B 3B3,44,73,56
T2V 4A1,51,78,42
T2W 6A6,12,37,35
T2T 4H2,56,83,45
T2T 5A9,52,81,50
T3G 6B2,22,41,30
T3J 0S6,33,67,59
T2E 0K9,79,91,64
T2T 6R6,51,80,49
T1Y 2X7,49,76,48
T2X 0S8,42,55,32
T2W 0T3,52,55,43
T3A 5H5,14,44,34
T2C 0X8,40,58,46
T3A 2X6,23,50,41
T3H 0S1,26,57,52
T2E 4S3,39,77,44
T3B 0N6,45,82,48
T3H 2X9,24,59,57
T2J 1M8,39,68,36
T2V 1X5,35,86,49
T2V 2P5,46,87,56
T3K 2B6,19,60,50
T3M 2S8,8,55,34
T2Y 4M1,14,45,58
T3K 4G4,45,63,40
T2N 3Y3,48,88,62
T3K 6E7,13,40,37
T3H 0C2,55,81,35
T2Y 2T6,22,65,45
T2V 5K5,57,86,63
T2N 0L8,41,85,52
T2T 0R5,77,84,51
T1Y 5L7,40,72,40
T2B 1K9,50,60,51
T2K 2C1,43,79,45
T3N 1B7,1,27,27
T3A 5Y7,70,81,62
T3M 1P5,29,71,40
T3K 6B3,41,63,49
T2A 2G6,51,56,53
T2L 2J9,49,83,59
T2Y 0M8,9,60,37
T3E 3V8,51,72,48
T2N 2M6,63,93,63
T3M 2B8,8,55,34
T3H 4X6,11,68,38
T2Z 1J6,N/A,N/A,N/A
T3K 0W5,68,67,53
T3K 0P1,64,71,50
T3P 0M5,0,30,0
T2T 2R7,39,78,41
T2V 3E3,55,75,60
T3K 5Z1,50,57,53
T2S 1P4,74,97,59
T3B 1Y3,41,78,38
T3E 7V3,55,90,57
T3E 1G3,47,62,50
T2Z 1A3,19,66,43
T2J 3Y9,41,66,32
T3B 5V3,6,42,23
T3H 3A6,49,64,44
T3R 0V5,0,38,0
T2V 5H4,35,64,36
T2T 4T4,59,80,52
T2Z 1Z2,15,56,36
T2N 2W5,34,82,49
T3L 3B8,31,53,24
T2M 0Y9,62,87,57
T2M 2B1,48,89,51
T2N 1V1,84,99,67
T2B 3G6,20,74,40
T2C 4H3,42,70,49
T3H 0S7,11,71,59
T2R 1B5,92,94,80
T1Y 1H8,37,75,45
T2T 0L3,89,83,53
T2C 5L7,17,35,38
T3A 2A8,24,72,52
T2T 0L5,90,81,52
T3E 2K1,64,88,57
T2T 3Z8,61,81,48
T3E 2A4,59,88,57
T2C 5M9,17,35,38
T3H 3E6,32,65,54
T3K 3X6,68,76,46
T2N 1N2,39,86,61
T2E 0L8,75,97,68
T3B 5P9,8,67,30
T2Z 1H8,48,76,45
T2W 3P8,62,95,26
T3E 7E7,77,10,52
T3L 2M7,13,56,28
T2A 4Y5,60,65,58
T3H 2X6,34,54,47
T3B 0N9,59,90,43
T2Z 4T6,3,39,36
T2W 2V1,29,75,36
T1Y 5Z3,40,76,57
T3B 3C4,10,71,50
T2N 2M7,63,93,60
T2E 2N8,49,79,53
T2S 0Z8,42,83,46
T3N 0A9,13,43,34
T3A 2Y3,16,49,37
T3H 4H2,3,47,28
T2N 3K5,60,91,62
T3R 0W8,0,38,0
T2J 1W1,23,64,30
T2K 4Z7,18,55,51
T2A 3N2,22,46,51
T3M 1Y8,8,55,34
T3C 0S1,61,83,60
T2T 1K6,61,77,52
T3H 5K3,43,70,36
T3B 4V8,16,76,45
T3K 0W3,37,62,35
T3H 3G3,66,79,46
T2E 0M2,64,75,47
T2N 1X1,92,99,71
T2V 3K9,36,53,53
T3C 2H2,77,89,60
T3G 4E4,21,52,48
T3H 4P9,7,37,27
T2V 5K2,27,71,32
T2G 0M7,66,96,57
T2T 2W2,33,78,43
T2L 0W5,63,93,62
T2N 2S7,37,85,59
T2A 5X5,N/A,N/A,N/A
T3E 2M1,65,85,55
T2E 8W2,73,97,64
T2N 0K8,48,88,49
T2L 0N8,46,74,44
T2A 5C2,74,59,55
T3E 3N6,49,73,52
T3K 3X1,21,50,36
T2Z 3J2,15,61,35
T3E 2P8,51,75,51
T3R 1S2,19,45,39
T3E 6V3,36,47,43
T2Z 5B6,15,67,29
T2W 3K2,42,73,25
T3M 2E3,31,74,37
T3K 1H2,42,64,54
T2S 0Z3,41,85,53
T2E 5J1,40,90,36
T3C 2L8,42,79,57
T3G 3L5,54,65,42
T3C 0N6,75,92,62
T3R 0R1,0,38,0
T3M 0A7,36,60,40
T2P 1N4,83,88,78
T3M 1Y7,8,55,34
T2W 3L6,49,72,53
T2A 0V4,73,60,54
T1Y 2G2,32,66,38
T2V 0C3,66,77,45
T2V 0N4,56,85,56
T3J 3L7,28,65,44
T2S 0Y9,34,65,41
T3B 2B9,53,82,39
T2J 3M9,43,81,52
T2N 4S4,71,98,67
T2N 3H7,56,90,59
T2G 1S9,26,57,38
T2M 0B4,77,99,55
T2J 6Y6,27,60,33
T3E 3L4,47,60,49
T3E 7A6,31,80,48
T2Y 1X2,16,52,47
T2J 3C1,24,72,35
T3C 3C7,19,80,43
T2T 2L4,34,73,41
T2T 1L1,58,74,48
T2H 0W6,33,61,52
T1Y 4E8,60,76,50
T3C 0V9,91,97,67
T2X 3V5,46,72,32
T3H 3R1,18,47,40
T3C 2C8,31,77,55
T3K 0N4,27,62,46
T3B 4W4,27,81,48
T2E 5J8,51,86,42
T2J 7H5,18,67,31
T3G 4N6,15,55,34
T2A 1B4,68,61,56
T3E 5Z7,10,72,33
T3H 3R2,6,55,39
T1Y 6X6,12,59,35
T1Y 6K5,10,56,38
T3G 6A4,25,62,35
T3H 0Z8,25,50,44
T3K 0C7,29,58,44
T3H 5W1,35,75,38
T3K 4P9,17,54,39
T2V 3H3,47,73,54
T3G 5S4,9,42,33
T2T 6M7,70,83,46
T3M 0P4,9,35,34
T2R 0N9,89,96,71
T3C 0R5,80,88,62
T3B 0J3,39,67,38
T2K 2B8,40,71,47
T2J 2R9,28,69,32
T3M 2Y3,N/A,N/A,N/A
T3B 6H3,9,41,36
T2T 0Z5,66,92,50
T2N 3H2,64,99,65
T3B 2C6,52,83,39
T2V 3V5,43,67,42
T2Z 2L3,23,59,32
T3E 5E3,29,78,48
T2W 2X6,27,66,39
T3M 0R5,40,73,38
T3J 0S3,17,71,47
T2W 0S1,54,58,58
T2E 1A7,82,84,53
T2L 0M3,58,85,47
T2C 2J8,26,59,47
T3G 5R4,39,65,37
T2J 4W5,16,45,32
T2J 3W2,20,47,34
T3H 2M3,33,61,44
T2E 2J2,43,70,48
T2M 1M1,73,99,57
T3R 0R8,12,54,38
T3G 4B5,46,64,50
T2N 1Z7,85,10,63
T2C 4H4,41,71,48
T2T 2J3,31,69,42
T3C 1L9,60,93,59
T2Z 0W4,7,50,28
T3H 5Y9,50,61,34
T3M 1G6,11,56,34
T3H 2Z6,42,73,37
T3H 3B9,19,65,53
T3B 4T6,47,74,52
T2E 3H1,80,82,61
T3M 2Z5,8,55,34
T3N 0P4,11,44,33
T3H 1A1,29,73,37
T2N 3S9,40,79,51
T3K 0T1,28,42,41
T2Z 1T1,25,46,37
T2V 5C5,42,76,43
T1Y 6V6,21,63,31
T3E 2Y9,88,10,66
T3A 5C8,17,59,37
T2Y 3G3,28,62,39
T2K 5A2,35,64,53
T2G 0B3,84,89,78
T3E 5P4,46,89,44
T2A 7Z4,22,54,44
T2T 0K3,88,80,51
T3H 2Y1,22,55,54
T2R 0J5,90,96,73
T3K 6G2,8,48,32
T2E 3Y8,74,87,40
T2G 0G8,92,93,76
T2Y 3L7,22,63,38
T2E 5J6,51,85,40
T3J 1B1,34,57,47
T3H 5Z5,40,52,31
T3G 5T6,24,50,56
T2P 5R3,89,93,78
T3R 0J2,12,46,30
T2K 2E5,31,67,46
T3G 0C6,51,71,36
T3H 3E3,32,62,36
T2R 1B4,94,94,81
T2A 6Z5,37,66,47
T3H 5C7,49,76,39
T3E 7G6,48,81,48
T3A 6H4,22,43,40
T3G 4X2,29,47,29
T2P 5E2,86,96,76
T3E 6S3,51,56,44
T3M 0A9,36,69,40
T3G 4R6,17,62,44
T2P 1K8,83,88,78
T3A 2C7,54,90,44
T1Y 2Y1,38,77,42
T3J 0G6,7,63,60
T3E 5Z4,15,66,39
T2J 5H5,36,78,53
T2N 2X3,31,73,54
T2T 0H7,90,81,52
T3E 0S8,39,65,49
T3C 1G3,87,90,64
T3A 0P5,64,91,57
T3G 4R7,59,73,50
T2T 1K9,58,74,48
T2V 5G7,57,59,34
T3G 5P8,36,57,28
T3E 4X8,42,66,49
T3H 0H1,31,69,33
T2V 3E9,42,82,55
T3K 0W1,51,64,32
T2X 4E5,12,45,38
T3B 2M7,51,80,40
T2J 1N3,70,80,57
T3R 1P6,30,52,40
T3H 2R1,26,71,52
T2J 0Y8,37,67,39
T2H 1V3,44,72,48
T2X 4L2,9,37,25
T2W 4L2,30,68,27
T2J 0V2,45,66,52
T2V 5J9,57,79,58
T2K 0H6,37,80,54
T3J 0V2,N/A,N/A,N/A
T2R 0P8,94,95,73
T3H 3M8,35,75,34
T3J 1Z5,48,72,56
T2N 3C7,75,99,68
T2T 3W2,49,82,40
T2A 7J1,24,53,44
T3M 1S1,36,70,36
T2S 0L3,77,98,56
T2E 3W9,79,78,54
T1Y 6T3,38,68,39
T3J 1K8,66,77,58
T2T 2T7,32,80,36
T3M 3B3,N/A,N/A,N/A
T2Z 2Y8,39,67,47
T2L 2L8,66,89,67
T2Y 0G8,27,62,33
T2Z 0L6,18,64,29
T2X 0C8,47,66,23
T3N 0P3,0,45,41
T2Z 0A7,53,81,47
T3J 0X2,33,67,59
T3B 2L1,45,78,40
T2L 0T9,40,83,55
T3G 5N5,17,56,32
T3L 2T2,17,71,23
T1Y 4R5,55,74,48
T3H 3G2,60,73,46
T2Y 0R2,9,60,37
T2Z 4A7,8,42,41
T2G 0R5,91,92,77
T3J 4P3,15,53,55
T2M 1C4,71,86,53
T2X 0N4,16,34,39
T2W 3Y1,50,69,25
T3B 3E4,18,72,47
T3H 3R6,24,66,43
T2X 3Z6,12,45,40
T2C 1Y6,37,64,47
T2Y 0A8,43,44,31
T2T 0H6,89,83,53
T2M 4E3,66,96,60
T2Y 1C5,51,69,54
T2Y 4R6,13,42,25
T2M 3J3,68,74,62
T3M 3C7,8,55,34
T3R 0Z9,0,38,0
T2T 3W4,46,81,41
T3E 3S4,47,62,48
T2T 1S5,53,78,47
T2X 0N8,41,61,34
T2R 1R8,93,96,73
T2X 0T1,29,45,31
T3M 0H5,7,34,36
T2P 5K1,90,96,78
T2G 1T2,71,89,76
T3E 4S6,58,63,48
T3E 7T2,30,68,47
T2V 3N1,44,76,40
T3H 1S4,38,66,54
T3H 1S8,25,50,46
T2Y 2Y4,29,64,45
T2P 0X2,82,90,76
T3J 2Y4,45,70,51
T2E 3J4,81,94,60
T3B 6J1,9,41,36
T2Z 0Y8,18,66,29
T2Y 4S9,35,73,35
T2E 0H4,76,76,69
T3E 0H8,24,72,48
T3E 3P3,41,59,46
T3K 0J9,35,37,39
T2E 1M9,82,84,57
T2Y 3J6,35,63,52
T3B 3G6,21,70,41
T2N 4J3,37,85,56
T3H 5P4,29,71,39
T3C 1X3,63,86,55
T2N 0S6,57,10,56
T2X 0Y7,5,45,N/A
T2H 1J4,29,61,57
T2A 2T3,45,57,53
T2V 4Y8,27,82,47
T2Z 0G2,30,65,44
T3L 2J4,44,63,23
T3E 1X6,50,81,55
T2W 1S1,34,63,36
T3P 0E8,14,56,39
T2E 1N8,81,84,54
T2X 3N7,13,54,29
T2G 0S7,68,97,58
T3C 3T9,50,79,55
T2A 1T9,69,59,54
T3H 1C8,40,74,37
T2G 4Z8,90,94,74
T3M 2L3,40,72,38
T3A 0P2,66,87,57
T2Z 3R2,6,62,36
T2N 0N7,49,89,51
T2N 3J4,44,84,53
T3M 2N1,0,32,23
T3E 4X4,44,72,49
T2Y 3W4,48,67,52
T3R 0C1,39,61,40
T2T 1A6,49,79,48
T2T 3P6,80,83,49
T3C 2E9,63,87,51
T3A 2Z4,10,51,24
T3B 6H8,9,41,38
T2Y 3L4,52,67,59
T3M 1M3,6,49,24
T2H 1N6,71,81,61
T3R 0B4,43,60,40
T2L 0Z1,32,79,50
T3M 0J1,1,27,22
T3H 0C4,41,48,31
T3G 1L9,22,58,42
T3M 0H2,11,39,34
T3H 4W2,35,75,40
T2Y 2S3,14,53,55
T2N 0G9,51,89,52
T2E 1A2,82,97,55
T3M 0A1,13,65,35
T2W 2N4,50,74,56
T2S 1V2,70,80,53
T2Z 1L4,21,70,40
T3C 3H6,22,79,40
T2T 1E5,51,74,50
T2C 1B9,36,63,43
T3R 1K1,0,38,0
T3B 2L4,36,76,39
T3B 2P4,51,80,42
T3B 2P2,45,79,41
T2L 0M7,54,77,45
T2Y 0E7,8,63,32
T3M 2V5,0,31,22
T3H 3R7,40,74,37
T3J 3P6,19,63,46
T3P 0M8,2,38,30
T2N 1E1,27,76,53
T2T 4P2,57,78,44
T3L 1N3,22,68,49
T2N 4E4,55,91,61
T2N 2A2,31,81,54
T3C 2K5,52,81,57
T2T 1V1,43,86,46
T2J 7C8,5,59,34
T2H 0Z1,60,77,54
T3H 1A8,24,64,38
T2T 4W1,58,79,58
T3R 1M1,39,65,39
T3J 0G5,1,27,34
T2X 2E7,12,45,40
T2V 2W3,57,62,61
T3M 2P1,1,46,25
T2T 2P2,37,83,39
T2X 3Y1,10,46,34
T3G 1P4,31,70,41
T2Y 3E8,15,63,38
T3N 0J3,0,26,18
T3R 0H3,3,38,0
T2A 6G8,68,67,58
T2B 3R6,18,76,39
T2P 5K2,84,94,76
T3J 2R7,33,67,50
T2Z 4T2,19,61,42
T2S 0H4,83,98,58
T3M 0X8,31,54,38
T3N 0M8,8,41,34
T3H 0M2,25,70,40
T3H 5G4,6,35,27
T3L 3A3,28,75,23
T3B 3Z5,25,59,36
T3A 2M3,27,55,41
T2C 5P4,17,35,38
T2J 6N6,41,70,35
T3M 0B2,26,68,36
T2L 0L3,41,88,49
T3H 1L4,31,65,48
T2N 3S8,39,79,51
T3N 1T4,0,26,18
T3J 0X7,33,67,59
T3G 5M3,24,50,49
T3H 5B2,38,76,40
T2Z 3N5,27,64,38
T3H 0K5,32,58,52
T3B 5Z8,1,40,23
T2Z 1E2,56,81,47
,N/A,N/A,N/A
T2A 5E5,60,64,56
T3E 7R3,26,67,47
T3M 2M7,0,35,23
T3E 8A8,30,60,48
T2X 2H7,7,45,22
T2R 0B1,94,95,76
T3B 2N9,54,82,43
T2A 6P1,20,64,41
T3B 2E4,41,81,46
T2C 1T8,27,75,40
T3G 4Y8,18,54,44
T2T 1E9,59,78,50
T3E 5X5,13,60,47
T3H 5N7,27,72,38
T3J 2S8,48,71,53
T2X 3Y8,12,45,38
T2V 2C5,31,79,48
T2L 1N5,56,78,62
T2N 0K5,51,90,53
T2V 2B9,51,83,51
T2W 4H5,20,58,36
T2L 1R4,50,75,60
T1Y 6T5,28,64,38
T2E 3S9,81,94,58
T3A 3H1,58,87,62
T2E 5R3,44,83,51
T2T 6S3,51,77,47
T3G 4G4,16,65,38
T1Y 3T8,35,68,39
T3J 3P2,16,55,35
T2Y 0N2,9,60,37
T2T 4M2,85,73,56
T2K 1C9,46,60,58
T3M 2A5,8,55,34
T2E 4T3,57,78,38
T3J 3N6,33,72,59
T3A 5K2,23,58,39
T2B 0L4,36,77,42
X0X 0X0,N/A,N/A,N/A
T1Y 4S4,37,70,48
T3N 0V6,0,26,18
T2A 0L4,64,59,53
T2E 1N3,82,80,55
T3N 1K7,0,26,18
T3N 0S4,0,26,18
T3M 2G5,40,72,37
T2E 6M1,40,77,53
T3L 0E4,25,57,26
T3C 3H2,24,82,42
T2K 4Z4,26,58,51
T3P 0G9,0,33,0
T3P 0X3,0,28,0
T3G 5J7,26,44,54
T3M 0A5,46,69,40
T2Y 0K7,64,78,51
T3R 0Y7,17,35,35
T2K 1W5,45,84,46
T2X 1Y9,12,45,38
T3H 4B5,13,65,38
T2V 0G7,63,80,56
T3M 2V1,8,55,34
T2P 3T9,87,96,74
T2T 1T4,70,74,47
T2T 3S9,85,83,49
T2N 4Y8,81,97,61
T3A 2E3,62,91,43
T3N 0P5,0,26,18
T2A 0G4,55,85,59
T2G 5R5,32,71,42
T3M 0V3,36,60,40
T2T 4V4,61,84,45
T2L 0M8,52,77,45
T2G 4S2,40,77,53
T2T 3X9,51,81,41
T3K 2L8,53,69,51
T2T 2R6,37,82,38
T2N 1A7,40,85,50
T3J 2B3,22,65,48
T3H 1P3,19,62,52
T2J 7E9,40,76,54
T2V 1S5,51,74,33
T3A 4W6,27,64,28
T3C 1H4,49,85,57
T2X 0T8,38,60,32
T2X 0N5,16,34,39
T3P 0W2,0,30,0
T2R 1J7,95,95,76
T2Y 0L2,48,53,29
T2T 1J5,50,78,46
T3H 3B8,51,68,45
T3K 5J8,76,77,49
T3K 5K2,75,77,48
T3K 4T7,26,58,40
T3H 4L8,13,35,36
T3K 2B2,27,61,47
T1Y 7L4,60,77,50
T2C 3Z8,32,70,39
T3M 2E7,40,74,37
T2T 2N3,52,79,42
T3E 2T1,66,82,59
T3E 6Z9,31,80,48
T2E 1A6,82,84,53
T3B 4Z8,41,78,60
T2R 1G9,91,95,66
T3K 2G3,2,59,34
T3H 2T6,27,63,54
T3H 3V6,35,74,38
T3E 2W1,71,90,58
T2J 2A3,10,60,35
T3E 4S4,62,67,51
T2S 1A5,33,70,42
T2M 1P7,68,93,51
T2L 1R6,40,68,52
T2N 0P6,44,86,50
T2T 5J9,73,83,51
T2M 4G7,35,84,55
T3H 0X6,25,50,44
T2Y 2Y5,17,65,41
T3J 0M1,11,62,41
T2N 3M2,78,10,64
T2E 1E3,83,84,55
T2N 3E8,92,99,69
T3K 0E6,61,76,50
T2N 0L3,45,87,51
T2V 0G8,66,78,54
T1Y 5X8,30,72,57
T3M 0C5,34,59,38
T3A 0L4,53,88,44
T2T 6G9,75,82,47
T2Y 3Y5,8,62,37
T3M 0G5,16,36,35
T2X 2E1,12,45,38
T2M 3A8,61,69,59
T2V 1H4,48,77,34
T3N 1J9,0,26,15
T3E 5L4,31,83,44
T3N 0N6,0,45,41
T3C 0A1,44,88,47
T2X 3Z3,4,26,N/A
T2M 1V3,63,96,58
T2T 4L8,38,82,38
T3R 0V3,14,49,38
T2M 1G8,77,99,58
T2S 1H6,67,84,46
T3G 3X2,15,56,38
T1Y 3G7,52,78,53
T2W 0V3,40,65,51
T2W 3P7,12,37,35
T2K 0C2,32,81,53
T2J 1P4,31,70,37
T3E 3G1,61,71,53
T2T 1Y6,59,82,43
T3M 2X2,0,21,22
T3A 1W2,65,88,53
T2X 3Z7,12,45,38
T3K 4G9,50,65,51
T2T 4K8,54,77,45
T3E 7N9,36,81,48
T3M 0T4,26,72,39
T2V 0H3,73,82,58
T2E 0J4,76,76,69
T2Z 1H9,2,48,27
T3H 2L3,15,61,35
T2Y 1V6,33,60,53
T2A 1B7,67,64,52
T3L 0C1,23,57,28
T2N 2G4,57,94,59
T2V 4C1,23,73,30
T2S 1T5,64,76,49
T2Z 1K1,48,79,45
T2T 3X4,72,84,48
T2E 0W6,63,75,38
T2P 5N4,84,94,76
T3H 0E2,41,72,34
T2E 4Y5,46,78,43
T2T 3E8,90,82,63
T3S 0A4,0,53,0
T2N 1A4,43,66,49
T3M 1R6,8,55,34
T2M 0V9,76,99,62
T2B 3C3,17,37,41
T2T 4L6,41,79,38
T3H 6A1,25,50,44
T3G 5Y5,29,43,30
T2M 4K1,44,87,66
T2R 0C3,95,93,78
T2T 1N4,63,75,50
T3H 3Z5,0,34,22
T2G 5N7,44,69,44
T3H 2A8,25,50,46
T2L 2A1,52,81,63
T3H 4Y2,13,56,24
T2Z 4H2,32,56,45
T2J 1N2,57,83,59
T3C 1V6,66,87,55
T3R 0V4,0,38,0
T3P 0M1,0,30,0
T3H 4C4,4,49,27
T2J 0Y6,43,66,42
T2G 3K8,50,89,54
T2S 2V6,49,79,51
T3C 3X7,18,51,51
T2V 2L2,53,88,62
T2N 0C1,45,85,49
T3H 5X3,6,55,24
T2J 2J1,33,73,49
T2T 3J1,30,64,43
T3B 6G6,9,41,36
T3L 1L2,28,68,51
T2N 4J4,43,84,63
T3E 7A4,31,80,52
T3G 1E9,24,60,47
T3A 5S1,8,8,40
T3M 0M8,31,54,37
T2Z 0R8,18,56,30
T2S 3C9,54,86,58
T2E 1T2,67,88,49
T2M 3W5,52,90,63
T2X 0M8,60,77,51
T2R 0H8,93,96,73
T3P 1K3,14,56,39
T2N 3R3,74,98,61
T2T 6M3,56,69,49
T2Z 3Z7,41,72,46
T3H 0M1,15,45,24
T3H 0S2,31,73,40
T2J 0S9,56,79,50
T2T 3B8,74,94,51
T2A 3C7,60,65,55
T2C 0V9,45,63,47
T3P 0B6,36,58,35
T3B 1L5,44,55,41
T2X 2A7,N/A,N/A,N/A
T2K 6H4,21,51,39
T2E 9C3,72,99,57
T2S 0J1,68,95,59
T2V 2M2,14,84,47
T2N 4M1,48,86,63
T2W 1Y6,37,72,60
T2N 0A2,75,99,68
T2N 4H7,93,99,76
T3J 3Y9,39,65,42
T3M 0W1,37,72,38
T2E 1Y7,71,86,53
T3E 2W6,64,76,55
T2K 5X6,48,76,50
T3J 0N7,32,51,23
T2M 1J9,55,84,51
T3E 6S7,38,71,48
T3J 1Y6,41,74,57
T3B 0Y1,57,86,51
T2E 1Y8,71,86,53
T3G 1B5,33,68,40
T2T 1N3,58,75,48
T2P 5M9,86,96,76
T2N 1C4,65,94,59
T2Z 5G1,6,58,33
T2A 6G9,71,69,60
T2J 1E7,46,65,57
T3H 1W6,25,50,44
T3H 1C6,18,73,38
T2G 1C1,26,57,38
T2Y 0P6,11,51,47
T2N 0J1,69,84,61
T2T 1M5,50,78,46
T2N 3H6,45,91,60
T3E 5M6,19,51,40
T2Z 0Y7,22,68,38
T3N 1S1,0,26,18
T3H 1S9,15,52,41
T2T 1J4,52,78,47
T3H 3W8,47,73,56
T2E 4B6,76,93,62
T3K 1B7,35,62,53
T3G 3B5,32,57,34
T3A 3Y2,28,59,27
T3E 2Z7,64,76,54
T2N 1V5,93,99,72
T2G 2Y3,31,72,52
T3M 2J4,25,63,38
T2N 1C2,67,94,59
T3N 0L4,0,26,18
T3C 1K8,53,92,62
T3G 3N4,16,48,38
T2M 2C8,68,85,54
T2X 4K1,12,45,38
T2T 0C8,86,88,61
T2S 0K8,64,88,57
T2Z 0M7,49,75,41
T3H 4W1,28,74,40
T2T 5K9,62,76,50
T3G 0E1,21,61,33
T2P 5G3,91,96,76
T3P 1J6,0,30,0
T2X 0M7,8,39,30
T3G 5R1,31,57,38
T2V 3Y3,30,80,40
T2C 4J8,35,72,50
T2Z 2M9,32,69,44
T2S 1G3,67,87,49
T2X 1K8,22,58,40
T2E 0E5,71,66,72
T3J 2S2,35,70,59
T3C 0N7,75,92,62
T2X 1K4,12,45,38
T2N 0J6,89,99,67
T3H 4T7,36,75,56
T2S 1R2,50,90,54
T3P 1J7,0,30,0
T3P 0G2,0,33,0
T3M 1Z4,2,46,29
T2X 0K1,3,54,31
T2Y 0N8,9,60,37
T3R 0M6,21,49,37
T3A 2E2,67,85,60
T2N 3N6,49,87,52
T3B 4W1,21,81,46
T2P 5K4,82,90,76
T2T 3S7,45,84,43
T3B 2Z8,25,83,51
T2V 2W1,18,66,42
T3P 1N1,0,30,0
T3A 2W4,60,93,49
T2E 5L2,59,86,39
T2E 7Y1,24,54,34
T2V 0E6,51,69,52
T2N 4Y7,47,81,65
T2G 5K6,39,88,56
T3H 5T6,4,51,24
T2M 0P6,77,95,60
T2A 2S7,56,63,58
T2T 6B5,75,78,50
T2L 2H8,48,69,50
T2S 0W9,11,78,53
T2K 0S6,22,56,56
T3J 5E9,8,59,31
T2T 4C8,48,80,41
T2T 1N8,66,76,48
T3B 5J7,55,82,59
T3E 4P3,46,60,49
T3G 5R6,21,42,41
T2M 0P3,72,95,59
T2T 4G3,58,81,48
T2T 4G1,62,81,49
T2Z 3G7,13,60,34
T3H 3K1,10,44,37
T3H 4L7,36,75,35
T3C 1Y2,31,83,43
T3B 0H6,51,78,41
T2S 3H4,46,76,41
T3A 6C5,23,55,39
T2Y 0P9,9,60,37
T2X 3Z9,12,45,38
T2N 0K3,53,90,53
T3P 0Z2,0,30,0
T3C 1L5,59,93,59
T3M 1W7,8,55,34
T2A 3H8,52,61,62
T3M 2J7,8,55,34
T3J 4T7,3,56,37
T2V 2C4,27,84,49
T3K 0B7,15,37,42
T3J 0V3,3,63,36
T2R 0M4,93,96,73
T3E 2A7,55,85,56
T2P 1L1,82,90,76
T2N 0A8,90,99,73
T3E 6S4,51,64,44
T2E 1S6,75,84,51
T2N 0W8,48,89,50
T2G 3N2,50,66,44
T2P 5K3,84,94,76
T2N 3X1,37,81,60
T2L 1Y3,52,81,63
T3S 0A7,0,33,0
T2E 0L3,69,97,52
T2V 5E7,34,62,35
T3N 0R2,7,38,33
T3K 0P5,68,67,55
T2L 0P3,48,77,45
T2T 2V2,36,80,45
T2R 0R7,95,97,72
T2W 2L9,22,66,54
T3G 4G7,11,60,39
T3R 0W1,0,38,0
T2K 1A2,25,79,53
T3J 4P1,18,60,49
T2Y 5B3,12,52,25
T3H 0J6,24,66,57
T3H 5X7,26,50,31
T2T 2W8,90,95,54
T2N 0Z7,54,91,53
T2K 3P4,57,67,54
T3R 1V2,0,38,0
T3B 6H4,9,41,38
T2T 3P5,88,84,59
T3B 6C4,9,41,36
T2J 1Y1,13,52,31
T3K 0G4,47,50,37
T2T 2S9,34,81,40
T2T 1W6,68,82,47
T2N 0Z6,43,84,63
T2T 5Z1,73,81,52
T3B 3Y4,18,69,48
T3K 5C5,34,60,43
T2E 5C3,57,74,51
T2Y 0J1,11,64,27
T1Y 6N5,22,65,35
T3L 2V2,16,60,33
T2G 4Z9,88,88,79
T2T 0E9,63,80,58
T2S 0S8,55,79,51
T2T 0E7,78,85,59
T3G 2R7,22,54,40
T2T 0X7,66,92,49
T3H 1B8,44,74,37
T3C 1L6,60,93,61
T3B 1M9,47,71,39
T2Y 5C9,10,38,27
T2G 4Z9,88,88,81
T3R 0B8,24,49,39
T3A 5T5,31,41,38
T2T 3T5,76,88,48
T3B 6B6,9,41,36
T3K 2C8,13,51,32
T3H 1S2,37,75,37
T3H 3L9,27,64,55
T3E 7S2,30,81,52
T2X 2W5,12,46,37
T2X 0J4,42,66,32
T3E 2C9,64,87,52
T3H 0X5,31,67,38
T2X 0L9,8,49,31
T3K 0P6,22,56,41
T2E 2C6,60,81,52
T3H 5N1,10,43,33
T2W 1Z4,32,70,58
T3L 0B7,9,47,33
T3N 1M5,0,26,18
T2Z 0J6,19,69,30
T2M 4J1,31,82,57
T2G 2V4,74,90,75
T2Z 2S4,12,55,38
T3M 2W8,34,73,38
T2R 0Y9,93,95,75
T2V 2B1,24,71,44
T3B 1H1,66,92,45
T3H 5T4,39,54,52
T3K 6C5,32,65,50
T1Y 6Y2,29,64,40
T2E 6X3,79,78,48
T3N 0E1,13,42,34
T3M 1S9,28,73,40
T2Z 3T3,23,70,42
T2T 4V2,66,84,48
T2E 0V7,81,97,53
T3R 0J6,19,45,40
T3C 0M9,87,99,62
T2G 3P9,44,69,44
T3L 0C3,8,60,20
T3K 5C6,51,76,49
T2K 1L5,42,81,52
T2X 4C2,4,55,21
T2X 0M6,4,55,27
T2T 2S8,32,80,38
T2X 4E9,12,45,38
T3C 0P1,61,83,60
T2V 5J2,14,84,47
T2N 0C4,42,86,51
T2T 1W7,83,99,44
T2X 0N2,33,64,32
T2E 3J3,79,91,64
T3E 7M7,40,79,48
T2N 3J7,89,99,70
T3E 7V5,31,80,48
T2X 2G7,12,45,38
T3H 6B5,N/A,N/A,N/A
T3H 6B5,25,50,46
T2P 0S9,95,91,79
T1Y 1B7,41,75,41
T3K 3L1,28,66,45
T2Z 4N1,57,78,47
T3C 1V3,67,88,55
T2S 3A1,50,83,54
T3R 1R9,0,38,0
T3E 2E7,61,91,59
T2X 2B9,12,45,38
T2V 3Z1,51,78,33
T3H 5X4,28,81,27
T3P 0V3,0,30,0
T3E 0T9,41,63,49
T2T 0T3,74,94,51
T3K 0M1,38,65,50
T2V 4E9,55,81,42
T3H 0E3,58,65,32
T3E 2K3,65,85,55
T2B 2C6,43,69,47
T3K 4Y4,56,84,41
T3E 2E8,63,92,58
T2M 0R3,77,93,63
T3K 5K8,57,72,42
T3H 5M1,12,42,38
T2K 0N9,41,56,55
T3A 0L9,55,86,54
T2Y 4V7,8,46,25
T2G 5P9,86,95,72
T3N 0B8,6,38,34
T2N 1T9,84,99,64
T2E 1V5,79,85,55
T3H 3N7,27,51,41
T2P 0E7,85,89,78
T2R 1L2,89,96,71
T3B 1K5,52,82,46
T2T 1R3,63,75,51
T2T 6L5,65,70,52
T3K 5G2,21,50,40
T3E 4S2,60,65,47
T2C 0Z2,22,59,48
T2A 5E6,61,65,55
T2N 3T5,30,61,47
T2T 3G2,86,80,51
T2S 0E8,92,97,53
T2R 0H7,95,95,79
T2L 0P7,48,75,47
T2E 3H3,46,74,52
T3M 0G6,13,36,33
T3C 3K7,39,82,41
T2J 7G6,20,66,32
T3J 5A9,44,69,54
T2K 0N3,39,55,55
T2Y 4P2,10,52,25
T2B 1G8,45,58,50
T2X 3P4,2,35,38
T2N 3N5,52,89,53
T3G 0C5,13,49,33
T3C 0A2,47,90,47
T2N 2Y6,28,81,50
T2B 3G8,21,75,40
T2A 1A4,69,63,56
T2C 5P5,17,35,38
T3R 1J1,20,42,40
T1X 0L5,24,42,34
T1Y 2T2,41,71,57
T2E 8G7,46,78,43
